<step title="Incoming Request" date="2025-12-04T00:36:03.652" instance="e0f283" url="/api/zipdeploy?author=ms-azuretools-vscode&amp;deployer=ms-azuretools-vscode&amp;isAsync=true&amp;trackDeploymentId=true" method="POST" type="request" pid="830,1,7" Host="apiazuremsc-anhefqf5gzepdcav.scm.mexicocentral-01.azurewebsites.net" User-Agent="vscode-azureappservice/0.26.4 core-rest-pipeline/1.20.0 Node/22.20.0 OS/(x64-Windows_NT-10.0.26200)" Accept-Encoding="gzip,deflate" Accept-Language="es" Authorization="Bea..." Transfer-Encoding="chunked" x-ms-correlation-request-id="33cafcb8-424c-4419-a8dc-a066cadc4089" x-ms-client-request-id="e6eefd9f-14cb-4fe5-b493-42c0ee7b3893" X-ARR-LOG-ID="e6eefd9f-14cb-4fe5-b493-42c0ee7b3893" CLIENT-IP="189.135.149.37:56251" X-SITE-DEPLOYMENT-ID="ApiAzureMSC" WAS-DEFAULT-HOSTNAME="apiazuremsc-anhefqf5gzepdcav.scm.mexicocentral-01.azurewebsites.net" X-Forwarded-Proto="https" X-AppService-Proto="https" X-Forwarded-TlsVersion="1.3" X-WAWS-Unencoded-URL="/api/zipdeploy?author=ms-azuretools-vscode&amp;deployer=ms-azuretools-vscode&amp;isAsync=true&amp;trackDeploymentId=true" X-Client-IP="189.135.149.37" X-Client-Port="56251" >
  <step title="Cleanup Xml Logs" date="2025-12-04T00:36:03.672" >
    <step title="Cleanup Infos" date="2025-12-04T00:36:03.754" totalFiles="255" totalCleanup="95" /><!-- duration: 58ms -->
  </step><!-- duration: 142ms -->
  <step title="ZipPushDeploy" date="2025-12-04T00:36:03.993" >
    <step title="ZipDeploy. Extract zip." date="2025-12-04T00:36:04.063" /><!-- duration: 11ms -->
    <step title="Starting PushDeployAsync" date="2025-12-04T00:36:04.274" /><!-- duration: 88ms -->
    <step title="Writing artifact to /tmp/zipdeploy/aa76b82b-7820-439e-b6b6-7d9d959f7d5c.zip" date="2025-12-04T00:36:04.474" >
      <step title="Writing multipart request body to /tmp/zipdeploy/aa76b82b-7820-439e-b6b6-7d9d959f7d5c.zip" date="2025-12-04T00:36:04.524" /><!-- duration: 11ms -->
    </step><!-- duration: 32638ms -->
    <step title="Start deployment in the background" date="2025-12-04T00:36:37.162" >
      <step title="Acquiring Deployment Lock" date="2025-12-04T00:36:37.382" /><!-- duration: 10ms -->
      <step title="Cannot Acquire Deployment Lock already held" date="2025-12-04T00:36:37.442" /><!-- duration: 18ms -->
    </step><!-- duration: 538ms -->
    <step title="There is a deployment currently in progress. Please try again when it completes." date="2025-12-04T00:36:37.731" /><!-- duration: 11ms -->
  </step><!-- duration: 33761ms -->
  <step title="Outgoing response" date="2025-12-04T00:36:37.822" type="response" statusCode="409" statusText="Conflict" /><!-- duration: 20ms -->
</step><!-- duration: 34229ms -->
