<step title="Incoming Request" date="2025-12-04T00:35:06.385" instance="e0f283" url="/api/deployments/latest?deployer=ms-azuretools-vscode&amp;time=2025-12-04_00-34-14Z" method="GET" type="request" pid="830,1,21" Host="apiazuremsc-anhefqf5gzepdcav.scm.mexicocentral-01.azurewebsites.net" User-Agent="vscode-azureappservice/0.26.4 core-rest-pipeline/1.20.0 Node/22.20.0 OS/(x64-Windows_NT-10.0.26200)" Accept-Encoding="gzip,deflate" Accept-Language="es" Authorization="Bea..." x-ms-correlation-request-id="0f802698-cef5-4817-9589-8b52884d734b" x-ms-client-request-id="c03227d1-9304-4260-9811-d0d8e49de575" X-ARR-LOG-ID="c03227d1-9304-4260-9811-d0d8e49de575" CLIENT-IP="189.135.149.37:49669" X-SITE-DEPLOYMENT-ID="ApiAzureMSC" WAS-DEFAULT-HOSTNAME="apiazuremsc-anhefqf5gzepdcav.scm.mexicocentral-01.azurewebsites.net" X-Forwarded-Proto="https" X-AppService-Proto="https" X-Forwarded-TlsVersion="1.3" X-WAWS-Unencoded-URL="/api/deployments/latest?deployer=ms-azuretools-vscode&amp;time=2025-12-04_00-34-14Z" X-Client-IP="189.135.149.37" X-Client-Port="49669" >
  <step title="Cleanup Xml Logs" date="2025-12-04T00:35:06.393" >
    <step title="Cleanup Infos" date="2025-12-04T00:35:06.413" totalFiles="251" totalCleanup="91" /><!-- duration: 3ms -->
  </step><!-- duration: 31ms -->
  <step title="DeploymentService.GetResult" date="2025-12-04T00:35:06.434" >
    <step title="DeploymentService.GetLatestDeployment" date="2025-12-04T00:35:06.436" >
      <step title="DeploymentManager.GetResults" date="2025-12-04T00:35:06.445" /><!-- duration: 559ms -->
    </step><!-- duration: 577ms -->
  </step><!-- duration: 592ms -->
  <step title="Outgoing response" date="2025-12-04T00:35:07.035" type="response" statusCode="202" statusText="Accepted" /><!-- duration: 8ms -->
</step><!-- duration: 660ms -->
