<step title="Incoming Request" date="2025-12-04T00:34:53.186" instance="e0f283" url="/api/deployments/latest?deployer=ms-azuretools-vscode&amp;time=2025-12-04_00-34-14Z" method="GET" type="request" pid="830,1,21" Host="apiazuremsc-anhefqf5gzepdcav.scm.mexicocentral-01.azurewebsites.net" User-Agent="vscode-azureappservice/0.26.4 core-rest-pipeline/1.20.0 Node/22.20.0 OS/(x64-Windows_NT-10.0.26200)" Accept-Encoding="gzip,deflate" Accept-Language="es" Authorization="Bea..." x-ms-correlation-request-id="0f802698-cef5-4817-9589-8b52884d734b" x-ms-client-request-id="0572f448-2969-451f-89d1-7047325d3a5f" X-ARR-LOG-ID="0572f448-2969-451f-89d1-7047325d3a5f" CLIENT-IP="189.135.149.37:49800" X-SITE-DEPLOYMENT-ID="ApiAzureMSC" WAS-DEFAULT-HOSTNAME="apiazuremsc-anhefqf5gzepdcav.scm.mexicocentral-01.azurewebsites.net" X-Forwarded-Proto="https" X-AppService-Proto="https" X-Forwarded-TlsVersion="1.3" X-WAWS-Unencoded-URL="/api/deployments/latest?deployer=ms-azuretools-vscode&amp;time=2025-12-04_00-34-14Z" X-Client-IP="189.135.149.37" X-Client-Port="49800" >
  <step title="Cleanup Xml Logs" date="2025-12-04T00:34:53.199" >
    <step title="Cleanup Infos" date="2025-12-04T00:34:53.228" totalFiles="240" totalCleanup="80" /><!-- duration: 11ms -->
  </step><!-- duration: 68ms -->
  <step title="DeploymentService.GetResult" date="2025-12-04T00:34:53.278" >
    <step title="DeploymentService.GetLatestDeployment" date="2025-12-04T00:34:53.287" >
      <step title="DeploymentManager.GetResults" date="2025-12-04T00:34:53.297" /><!-- duration: 680ms -->
    </step><!-- duration: 701ms -->
  </step><!-- duration: 728ms -->
  <step title="Outgoing response" date="2025-12-04T00:34:54.026" type="response" statusCode="202" statusText="Accepted" /><!-- duration: 32ms -->
</step><!-- duration: 891ms -->
