<step title="Incoming Request" date="2025-12-03T23:49:41.697" instance="e0f283" url="/api/zipdeploy?isAsync=true&amp;deployer=GITHUB_ZIP_DEPLOY&amp;message=%7B%22type%22%3A%22deployment%22%2C%22sha%22%3A%220e6793926828e02c9bfcf26ddb3045fd6fda762c%22%2C%22repoName%22%3A%22JMartin1407%2FApi_Azure%22%2C%22actor%22%3A%22JMartin1407%22%2C%22slotName%22%3A%22production%22%2C%22commitMessage%22%3A%22Corregir%20campo%20password_hash%20y%20agregar%20CORS%20para%20blue-sea%22%7D" method="POST" type="request" pid="833,1,25" Host="apiazuremsc-anhefqf5gzepdcav.scm.mexicocentral-01.azurewebsites.net" User-Agent="GITHUBACTIONS_DeployWebAppToAzure_9c44dbd311498807e29736e266649e36be294524c1884a7102c73f7ee8d7b547" Authorization="Bas..." Content-Type="application/octet-stream" Cookie="ARRAffinity=e0f2836045ac0d088cc7816121d053674bb0b35864f24333cbee6fcbf757d998;Path=/;HttpOnly;Secure;Domain=apiazuremsc-anhefqf5gzepdcav.scm.mexicocentral-01.azurewebsites.net; ARRAffinitySameSite=e0f2836045ac0d088cc7816121d053674bb0b35864f24333cbee6fcbf757d998;Path=/;HttpOnly;SameSite=None;Secure;Domain=apiazuremsc-anhefqf5gzepdcav.scm.mexicocentral-01.azurewebsites.net" Transfer-Encoding="chunked" X-ARR-LOG-ID="b1feb773-2132-44bc-bb0a-1c749ae121b2" CLIENT-IP="20.14.76.134:23617" X-SITE-DEPLOYMENT-ID="ApiAzureMSC" WAS-DEFAULT-HOSTNAME="apiazuremsc-anhefqf5gzepdcav.scm.mexicocentral-01.azurewebsites.net" X-Forwarded-Proto="https" X-AppService-Proto="https" X-Forwarded-TlsVersion="1.3" X-WAWS-Unencoded-URL="/api/zipdeploy?isAsync=true&amp;deployer=GITHUB_ZIP_DEPLOY&amp;message=%7B%22type%22%3A%22deployment%22%2C%22sha%22%3A%220e6793926828e02c9bfcf26ddb3045fd6fda762c%22%2C%22repoName%22%3A%22JMartin1407%2FApi_Azure%22%2C%22actor%22%3A%22JMartin1407%22%2C%22slotName%22%3A%22production%22%2C%22commitMessage%22%3A%22Corregir%20campo%20password_hash%20y%20agregar%20CORS%20para%20blue-sea%22%7D" X-Client-IP="20.14.76.134" X-Client-Port="23617" >
  <step title="Cleanup Xml Logs" date="2025-12-03T23:49:41.706" /><!-- duration: 23ms -->
  <step title="ZipPushDeploy" date="2025-12-03T23:49:41.829" >
    <step title="ZipDeploy. Extract zip." date="2025-12-03T23:49:41.868" /><!-- duration: 29ms -->
    <step title="Starting PushDeployAsync" date="2025-12-03T23:49:41.938" /><!-- duration: 40ms -->
    <step title="Removing node_modules symlink" date="2025-12-03T23:49:42.038" >
      <step title="Writing artifact to /tmp/zipdeploy/5311ffb8-e614-47b1-8c79-e24f82606c03.zip" date="2025-12-03T23:49:42.200" >
        <step title="Writing multipart request body to /tmp/zipdeploy/5311ffb8-e614-47b1-8c79-e24f82606c03.zip" date="2025-12-03T23:49:42.209" /><!-- duration: 28ms -->
      </step><!-- duration: 10306ms -->
      <step title="Start deployment in the background" date="2025-12-03T23:49:52.541" >
        <step title="Acquiring Deployment Lock" date="2025-12-03T23:49:52.672" /><!-- duration: 10ms -->
        <step title="Cannot Acquire Deployment Lock already held" date="2025-12-03T23:49:52.702" /><!-- duration: 10ms -->
      </step><!-- duration: 432ms -->
      <step title="There is a deployment currently in progress. Please try again when it completes." date="2025-12-03T23:49:53.124" /><!-- duration: 39ms -->
    </step><!-- duration: 11214ms -->
    <step title="Outgoing response" date="2025-12-03T23:49:53.272" type="response" statusCode="409" statusText="Conflict" /><!-- duration: 10ms -->
  </step><!-- duration: 11472ms -->
