<step title="Incoming Request" date="2025-12-04T00:40:25.330" instance="1b7224" url="/api/deployments/latest?deployer=ms-azuretools-vscode&amp;time=2025-12-04_00-40-03Z" method="GET" type="request" pid="831,1,5" Host="apiazuremsc-anhefqf5gzepdcav.scm.mexicocentral-01.azurewebsites.net" User-Agent="vscode-azureappservice/0.26.4 core-rest-pipeline/1.20.0 Node/22.20.0 OS/(x64-Windows_NT-10.0.26200)" Accept-Encoding="gzip,deflate" Accept-Language="es" Authorization="Bea..." x-ms-correlation-request-id="51f29c91-3242-4aca-b204-8bfb1009dac8" x-ms-client-request-id="be456976-f09e-4ab0-b236-e64cc17b891e" X-ARR-LOG-ID="be456976-f09e-4ab0-b236-e64cc17b891e" CLIENT-IP="189.135.149.37:54662" X-SITE-DEPLOYMENT-ID="ApiAzureMSC" WAS-DEFAULT-HOSTNAME="apiazuremsc-anhefqf5gzepdcav.scm.mexicocentral-01.azurewebsites.net" X-Forwarded-Proto="https" X-AppService-Proto="https" X-Forwarded-TlsVersion="1.3" X-WAWS-Unencoded-URL="/api/deployments/latest?deployer=ms-azuretools-vscode&amp;time=2025-12-04_00-40-03Z" X-Client-IP="189.135.149.37" X-Client-Port="54662" >
  <step title="Cleanup Xml Logs" date="2025-12-04T00:40:25.332" >
    <step title="Cleanup Infos" date="2025-12-04T00:40:25.343" totalFiles="287" totalCleanup="127" /><!-- duration: 3ms -->
  </step><!-- duration: 16ms -->
  <step title="DeploymentService.GetResult" date="2025-12-04T00:40:25.354" >
    <step title="DeploymentService.GetLatestDeployment" date="2025-12-04T00:40:25.356" >
      <step title="DeploymentManager.GetResults" date="2025-12-04T00:40:25.358" /><!-- duration: 434ms -->
    </step><!-- duration: 441ms -->
  </step><!-- duration: 447ms -->
  <step title="Outgoing response" date="2025-12-04T00:40:25.808" type="response" statusCode="202" statusText="Accepted" /><!-- duration: 2ms -->
</step><!-- duration: 482ms -->
