<step title="BackgroundTrace" date="2025-12-04T00:17:25.858" instance="e0f283" url="/api/zipdeploy" method="POST" >
  <step title="Cleanup Xml Logs" date="2025-12-04T00:17:25.868" /><!-- duration: 68ms -->
  <step title="Creating temporary deployment - FetchDeploymentManager" date="2025-12-04T00:17:26.220" /><!-- duration: 9ms -->
  <step title="Creating temporary deployment" date="2025-12-04T00:17:26.318" /><!-- duration: 181ms -->
  <step title="Performing fetch based deployment" date="2025-12-04T00:17:26.699" >
    <step title="Cleaning up temp folders from previous zip deployments and extracting pushed zip file /tmp/zipdeploy/9e8d6ee8-a155-44e5-84ad-ad7066e1b67d.zip (205.36 MB) to /tmp/zipdeploy/extracted" date="2025-12-04T00:17:28.130" >
      <step title="ChmodRecursive Process exited with total time taken in ms: 468" date="2025-12-04T00:18:06.122" /><!-- duration: 4ms -->
    </step><!-- duration: 38096ms -->
    <step title="Deployment timer started" date="2025-12-04T00:18:08.246" >
      <step title="DeploymentManager.Deploy(id:910db7cd-b6e9-4cd1-8cca-4e3e1d5fde33)" date="2025-12-04T00:18:08.248" >
        <step title="Collecting changeset information" date="2025-12-04T00:18:08.277" /><!-- duration: 112ms -->
        <step title="Updating submodules" date="2025-12-04T00:18:08.392" /><!-- duration: 1116ms -->
        <step title="Determining deployment builder" date="2025-12-04T00:18:09.713" >
          <step title="Builder is BasicBuilder" date="2025-12-04T00:18:09.718" /><!-- duration: 4ms -->
        </step><!-- duration: 17ms -->
        <step title="PreDeployment: context.CleanOutputPath False" date="2025-12-04T00:18:09.850" >
          <step title="PreDeployment: context.OutputPath /home/site/wwwroot" date="2025-12-04T00:18:10.481" >
            <step title="Building" date="2025-12-04T00:18:10.657" >
              <step title="Executing external process" date="2025-12-04T00:18:11.430" type="process" path="starter.sh" arguments="/opt/Kudu/Scripts/absoluteTar.sh /tmp/zipdeploy/extracted/node_modules /tmp/zipdeploy/extracted/node_modules.tar.gz" >
                <step title="Cpu: gzip(1180,40.330s)+sh(1179,0.000s)+tar(1178,1.540s)+absoluteTar.sh(1177,0.010s)=total(41.880s)" date="2025-12-04T00:19:11.664" /><!-- duration: 19ms -->
                <step title="starter.sh: no io activity for 60s, prev-cpu=-1.000s, current-cpu=41.880s" date="2025-12-04T00:19:11.735" /><!-- duration: 9ms -->
                <step title="Cpu: gzip(1180,83.380s)+sh(1179,0.000s)+tar(1178,2.610s)+absoluteTar.sh(1177,0.010s)=total(86.000s)" date="2025-12-04T00:20:11.901" /><!-- duration: 9ms -->
                <step title="starter.sh: no io activity for 121s, prev-cpu=41.880s, current-cpu=86.000s" date="2025-12-04T00:20:11.930" /><!-- duration: 3ms -->
              </step><!-- duration: 134110ms -->
              <step title="Executing external process" date="2025-12-04T00:20:25.782" type="process" path="starter.sh" arguments="/opt/Kudu/Scripts/parallel_rsync.sh /tmp/zipdeploy/extracted /home/site/wwwroot 8 /tmp/ False True node_modules " /><!-- duration: 9216ms -->
              <step title="Triggering recycle (preview mode disabled)." date="2025-12-04T00:20:35.864" /><!-- duration: 9ms -->
              <step title="Modified file to trigger a restart of the app container." date="2025-12-04T00:20:35.972" /><!-- duration: 2ms -->
              <step title="Skip function trigger and logicapp sync because function is not enabled." date="2025-12-04T00:20:35.977" /><!-- duration: 6ms -->
            </step><!-- duration: 147362ms -->
          </step><!-- duration: 147583ms -->
          <step title="Cleaning up temp files" date="2025-12-04T00:20:38.066" /><!-- duration: 3ms -->
          <step title="Cleaning up temp files" date="2025-12-04T00:20:38.071" /><!-- duration: 509ms -->
          <step title="Reloading status file with latest updates" date="2025-12-04T00:20:38.616" >
            <step title="WebHooksManager.PublishEventAsync: PostDeployment" date="2025-12-04T00:20:38.624" /><!-- duration: 32ms -->
          </step><!-- duration: 49ms -->
          <step title="Cleaning up temporary deployment - fetch deployment was successful" date="2025-12-04T00:20:38.669" /><!-- duration: 5ms -->
        </step><!-- duration: 148883ms -->
      </step><!-- duration: 150497ms -->
