<step title="Incoming Request" date="2025-12-04T00:34:39.118" instance="e0f283" url="/api/deployments/latest?deployer=ms-azuretools-vscode&amp;time=2025-12-04_00-34-14Z" method="GET" type="request" pid="830,1,18" Host="apiazuremsc-anhefqf5gzepdcav.scm.mexicocentral-01.azurewebsites.net" User-Agent="vscode-azureappservice/0.26.4 core-rest-pipeline/1.20.0 Node/22.20.0 OS/(x64-Windows_NT-10.0.26200)" Accept-Encoding="gzip,deflate" Accept-Language="es" Authorization="Bea..." x-ms-correlation-request-id="0f802698-cef5-4817-9589-8b52884d734b" x-ms-client-request-id="b18f1264-2341-46d0-ba81-9df37f647b34" X-ARR-LOG-ID="b18f1264-2341-46d0-ba81-9df37f647b34" CLIENT-IP="189.135.149.37:5317" X-SITE-DEPLOYMENT-ID="ApiAzureMSC" WAS-DEFAULT-HOSTNAME="apiazuremsc-anhefqf5gzepdcav.scm.mexicocentral-01.azurewebsites.net" X-Forwarded-Proto="https" X-AppService-Proto="https" X-Forwarded-TlsVersion="1.3" X-WAWS-Unencoded-URL="/api/deployments/latest?deployer=ms-azuretools-vscode&amp;time=2025-12-04_00-34-14Z" X-Client-IP="189.135.149.37" X-Client-Port="5317" >
  <step title="Cleanup Xml Logs" date="2025-12-04T00:34:39.155" >
    <step title="Cleanup Infos" date="2025-12-04T00:34:39.185" totalFiles="228" totalCleanup="68" /><!-- duration: 31ms -->
  </step><!-- duration: 70ms -->
  <step title="DeploymentService.GetResult" date="2025-12-04T00:34:39.247" >
    <step title="DeploymentService.GetLatestDeployment" date="2025-12-04T00:34:39.255" >
      <step title="DeploymentManager.GetResults" date="2025-12-04T00:34:39.266" /><!-- duration: 799ms -->
    </step><!-- duration: 821ms -->
  </step><!-- duration: 832ms -->
  <step title="Outgoing response" date="2025-12-04T00:34:40.095" type="response" statusCode="202" statusText="Accepted" /><!-- duration: 2ms -->
</step><!-- duration: 987ms -->
