<step title="Incoming Request" date="2025-12-04T00:39:29.286" instance="1b7224" url="/api/zipdeploy?author=ms-azuretools-vscode&amp;deployer=ms-azuretools-vscode&amp;isAsync=true&amp;trackDeploymentId=true" method="POST" type="request" pid="831,1,5" Host="apiazuremsc-anhefqf5gzepdcav.scm.mexicocentral-01.azurewebsites.net" User-Agent="vscode-azureappservice/0.26.4 core-rest-pipeline/1.20.0 Node/22.20.0 OS/(x64-Windows_NT-10.0.26200)" Accept-Encoding="gzip,deflate" Accept-Language="es" Authorization="Bea..." Transfer-Encoding="chunked" x-ms-correlation-request-id="51f29c91-3242-4aca-b204-8bfb1009dac8" x-ms-client-request-id="b67288d1-7c2c-461c-a603-b88b05ce8a49" X-ARR-LOG-ID="b67288d1-7c2c-461c-a603-b88b05ce8a49" CLIENT-IP="189.135.149.37:63318" X-SITE-DEPLOYMENT-ID="ApiAzureMSC" WAS-DEFAULT-HOSTNAME="apiazuremsc-anhefqf5gzepdcav.scm.mexicocentral-01.azurewebsites.net" X-Forwarded-Proto="https" X-AppService-Proto="https" X-Forwarded-TlsVersion="1.3" X-WAWS-Unencoded-URL="/api/zipdeploy?author=ms-azuretools-vscode&amp;deployer=ms-azuretools-vscode&amp;isAsync=true&amp;trackDeploymentId=true" X-Client-IP="189.135.149.37" X-Client-Port="63318" >
  <step title="Cleanup Xml Logs" date="2025-12-04T00:39:29.288" >
    <step title="Cleanup Infos" date="2025-12-04T00:39:29.296" totalFiles="264" totalCleanup="104" /><!-- duration: 3ms -->
  </step><!-- duration: 13ms -->
  <step title="ZipPushDeploy" date="2025-12-04T00:39:29.313" >
    <step title="ZipDeploy. Extract zip. Remote build." date="2025-12-04T00:39:29.319" /><!-- duration: 3ms -->
    <step title="Starting PushDeployAsync" date="2025-12-04T00:39:29.327" /><!-- duration: 2ms -->
    <step title="Writing artifact to /tmp/zipdeploy/437b754c-457c-4d28-8b15-5a1da320dfeb.zip" date="2025-12-04T00:39:29.342" >
      <step title="Writing multipart request body to /tmp/zipdeploy/437b754c-457c-4d28-8b15-5a1da320dfeb.zip" date="2025-12-04T00:39:29.348" /><!-- duration: 6ms -->
    </step><!-- duration: 33343ms -->
    <step title="Start deployment in the background" date="2025-12-04T00:40:02.705" >
      <step title="Acquiring Deployment Lock" date="2025-12-04T00:40:03.030" /><!-- duration: 3ms -->
      <step title="Acquired Deployment Lock" date="2025-12-04T00:40:03.142" /><!-- duration: 2ms -->
    </step><!-- duration: 1027ms -->
  </step><!-- duration: 34450ms -->
  <step title="Outgoing response" date="2025-12-04T00:40:04.817" type="response" statusCode="202" statusText="Accepted" /><!-- duration: 4ms -->
</step><!-- duration: 35537ms -->
