<step title="Incoming Request" date="2025-12-04T01:01:22.431" instance="481148" url="/deploy?scmType=GitHubAction&amp;isAsync=true" method="POST" type="request" pid="831,1,7" Host="apiazuremsc-anhefqf5gzepdcav.scm.mexicocentral-01.azurewebsites.net" User-Agent="Azure-WebSites-Controller/106.0.7.121" Authorization="Bas..." Expect="100-continue" Content-Length="80" x-ms-request-id="5e9fc5ad-2028-4c9c-b396-6c4c8a28b235" X-ARR-LOG-ID="5e9fc5ad-2028-4c9c-b396-6c4c8a28b235" CLIENT-IP="158.23.105.3:4928" X-SITE-DEPLOYMENT-ID="ApiAzureMSC" WAS-DEFAULT-HOSTNAME="apiazuremsc-anhefqf5gzepdcav.scm.mexicocentral-01.azurewebsites.net" X-MS-PLATFORM-INTERNAL="True" X-Forwarded-Proto="https" X-AppService-Proto="https" X-Forwarded-TlsVersion="1.3" X-WAWS-Unencoded-URL="/deploy?scmType=GitHubAction&amp;isAsync=true" X-Client-IP="158.23.105.3" X-Client-Port="4928" >
  <step title="FetchHandler" date="2025-12-04T01:01:22.468" >
    <step title="GitExeRepository.Initialize" date="2025-12-04T01:01:22.516" >
      <step title="Executing external process" date="2025-12-04T01:01:22.520" type="process" path="git" arguments="init" /><!-- duration: 240ms -->
      <step title="Executing external process" date="2025-12-04T01:01:22.763" type="process" path="git" arguments="config core.autocrlf false" /><!-- duration: 14ms -->
      <step title="Executing external process" date="2025-12-04T01:01:22.779" type="process" path="git" arguments="config core.preloadindex true" /><!-- duration: 16ms -->
      <step title="Executing external process" date="2025-12-04T01:01:22.799" type="process" path="git" arguments="config user.name &quot;unknown&quot;" /><!-- duration: 14ms -->
      <step title="Executing external process" date="2025-12-04T01:01:22.816" type="process" path="git" arguments="config user.email &quot;unknown&quot;" /><!-- duration: 10ms -->
      <step title="Executing external process" date="2025-12-04T01:01:22.828" type="process" path="git" arguments="config filter.lfs.clean &quot;git-lfs clean %f&quot;" /><!-- duration: 10ms -->
      <step title="Executing external process" date="2025-12-04T01:01:22.840" type="process" path="git" arguments="config filter.lfs.smudge &quot;git-lfs smudge %f&quot;" /><!-- duration: 10ms -->
      <step title="Executing external process" date="2025-12-04T01:01:22.852" type="process" path="git" arguments="config filter.lfs.required true" /><!-- duration: 12ms -->
      <step title="Configure git server" date="2025-12-04T01:01:22.867" >
        <step title="Executing external process" date="2025-12-04T01:01:22.869" type="process" path="git" arguments="config receive.denyCurrentBranch ignore" /><!-- duration: 12ms -->
      </step><!-- duration: 16ms -->
      <step title="Create deny users for .git folder" date="2025-12-04T01:01:22.885" /><!-- duration: 31ms -->
      <step title="Configure git-credential" date="2025-12-04T01:01:22.919" >
        <step title="Executing external process" date="2025-12-04T01:01:22.934" type="process" path="git" arguments="config credential.helper &quot;!&apos;/home/site/repository/.git/hooks/git-credential-invalid.sh&apos;&quot;" /><!-- duration: 9ms -->
      </step><!-- duration: 27ms -->
      <step title="Setup post receive hook" date="2025-12-04T01:01:22.948" >
        <step title="Non-Windows enviroment, granting 755 permission to post-receive hook file" date="2025-12-04T01:01:22.963" /><!-- duration: 18ms -->
      </step><!-- duration: 36ms -->
    </step><!-- duration: 470ms -->
    <step title="Executing external process" date="2025-12-04T01:01:22.989" type="process" path="git" arguments="log -n 1 master --" >
      <step title="Process dump" date="2025-12-04T01:01:23.000" exitCode="128" type="processOutput" /><!-- duration: 2ms -->
    </step><!-- duration: 15ms -->
    <step title="Start deployment in the background" date="2025-12-04T01:01:23.010" >
      <step title="Executing external process" date="2025-12-04T01:01:23.021" type="process" path="git" arguments="rev-parse --git-dir" /><!-- duration: 9ms -->
      <step title="Executing external process" date="2025-12-04T01:01:23.034" type="process" path="git" arguments="rev-parse --git-dir" /><!-- duration: 6ms -->
      <step title="Executing external process" date="2025-12-04T01:01:23.043" type="process" path="git" arguments="log -n 1 master --" >
        <step title="Process dump" date="2025-12-04T01:01:23.053" exitCode="128" type="processOutput" /><!-- duration: 5ms -->
      </step><!-- duration: 17ms -->
      <step title="Acquiring Deployment Lock" date="2025-12-04T01:01:23.063" /><!-- duration: 2ms -->
      <step title="Acquired Deployment Lock" date="2025-12-04T01:01:23.102" /><!-- duration: 2ms -->
    </step><!-- duration: 145ms -->
  </step><!-- duration: 691ms -->
  <step title="Outgoing response" date="2025-12-04T01:01:23.162" type="response" statusCode="202" statusText="Accepted" /><!-- duration: 2ms -->
</step><!-- duration: 737ms -->
