<step title="Incoming Request" date="2025-12-04T00:34:20.829" instance="e0f283" url="/api/deployments/latest?deployer=ms-azuretools-vscode&amp;time=2025-12-04_00-34-14Z" method="GET" type="request" pid="830,1,20" Host="apiazuremsc-anhefqf5gzepdcav.scm.mexicocentral-01.azurewebsites.net" User-Agent="vscode-azureappservice/0.26.4 core-rest-pipeline/1.20.0 Node/22.20.0 OS/(x64-Windows_NT-10.0.26200)" Accept-Encoding="gzip,deflate" Accept-Language="es" Authorization="Bea..." x-ms-correlation-request-id="0f802698-cef5-4817-9589-8b52884d734b" x-ms-client-request-id="94eb472f-4bdb-4632-92ec-5149a699e758" X-ARR-LOG-ID="94eb472f-4bdb-4632-92ec-5149a699e758" CLIENT-IP="189.135.149.37:49764" X-SITE-DEPLOYMENT-ID="ApiAzureMSC" WAS-DEFAULT-HOSTNAME="apiazuremsc-anhefqf5gzepdcav.scm.mexicocentral-01.azurewebsites.net" X-Forwarded-Proto="https" X-AppService-Proto="https" X-Forwarded-TlsVersion="1.3" X-WAWS-Unencoded-URL="/api/deployments/latest?deployer=ms-azuretools-vscode&amp;time=2025-12-04_00-34-14Z" X-Client-IP="189.135.149.37" X-Client-Port="49764" >
  <step title="Cleanup Xml Logs" date="2025-12-04T00:34:20.837" >
    <step title="Cleanup Infos" date="2025-12-04T00:34:20.856" totalFiles="213" totalCleanup="53" /><!-- duration: 11ms -->
  </step><!-- duration: 31ms -->
  <step title="DeploymentService.GetResult" date="2025-12-04T00:34:20.897" >
    <step title="DeploymentService.GetLatestDeployment" date="2025-12-04T00:34:20.906" >
      <step title="DeploymentManager.GetResults" date="2025-12-04T00:34:20.908" /><!-- duration: 608ms -->
    </step><!-- duration: 661ms -->
  </step><!-- duration: 691ms -->
  <step title="Outgoing response" date="2025-12-04T00:34:21.619" type="response" statusCode="202" statusText="Accepted" /><!-- duration: 9ms -->
</step><!-- duration: 800ms -->
