<step title="Incoming Request" date="2025-12-04T00:34:50.094" instance="e0f283" url="/api/deployments/latest?deployer=ms-azuretools-vscode&amp;time=2025-12-04_00-34-14Z" method="GET" type="request" pid="830,1,20" Host="apiazuremsc-anhefqf5gzepdcav.scm.mexicocentral-01.azurewebsites.net" User-Agent="vscode-azureappservice/0.26.4 core-rest-pipeline/1.20.0 Node/22.20.0 OS/(x64-Windows_NT-10.0.26200)" Accept-Encoding="gzip,deflate" Accept-Language="es" Authorization="Bea..." x-ms-correlation-request-id="0f802698-cef5-4817-9589-8b52884d734b" x-ms-client-request-id="e1481bee-16dd-4d7e-9593-5ecc9582ccee" X-ARR-LOG-ID="e1481bee-16dd-4d7e-9593-5ecc9582ccee" CLIENT-IP="189.135.149.37:53207" X-SITE-DEPLOYMENT-ID="ApiAzureMSC" WAS-DEFAULT-HOSTNAME="apiazuremsc-anhefqf5gzepdcav.scm.mexicocentral-01.azurewebsites.net" X-Forwarded-Proto="https" X-AppService-Proto="https" X-Forwarded-TlsVersion="1.3" X-WAWS-Unencoded-URL="/api/deployments/latest?deployer=ms-azuretools-vscode&amp;time=2025-12-04_00-34-14Z" X-Client-IP="189.135.149.37" X-Client-Port="53207" >
  <step title="Cleanup Xml Logs" date="2025-12-04T00:34:50.123" >
    <step title="Cleanup Infos" date="2025-12-04T00:34:50.164" totalFiles="237" totalCleanup="77" /><!-- duration: 18ms -->
  </step><!-- duration: 70ms -->
  <step title="DeploymentService.GetResult" date="2025-12-04T00:34:50.243" >
    <step title="DeploymentService.GetLatestDeployment" date="2025-12-04T00:34:50.253" >
      <step title="DeploymentManager.GetResults" date="2025-12-04T00:34:50.263" /><!-- duration: 472ms -->
    </step><!-- duration: 500ms -->
  </step><!-- duration: 521ms -->
  <step title="Outgoing response" date="2025-12-04T00:34:50.773" type="response" statusCode="202" statusText="Accepted" /><!-- duration: 39ms -->
</step><!-- duration: 720ms -->
