<step title="Incoming Request" date="2025-12-04T00:18:13.269" instance="e0f283" url="/api/deployments/latest" method="GET" type="request" pid="833,1,17" Host="apiazuremsc-anhefqf5gzepdcav.scm.mexicocentral-01.azurewebsites.net" User-Agent="vscode-azureappservice/0.26.4 core-rest-pipeline/1.20.0 Node/22.20.0 OS/(x64-Windows_NT-10.0.26200)" Accept-Encoding="gzip,deflate" Accept-Language="es" Authorization="Bea..." x-ms-correlation-request-id="8fbf0746-35fa-4aaf-b081-a7868ba0bc1c" x-ms-client-request-id="0e065f7e-a154-4e7d-a0cf-53b3cbded65c" X-ARR-LOG-ID="0e065f7e-a154-4e7d-a0cf-53b3cbded65c" CLIENT-IP="189.135.149.37:55844" X-SITE-DEPLOYMENT-ID="ApiAzureMSC" WAS-DEFAULT-HOSTNAME="apiazuremsc-anhefqf5gzepdcav.scm.mexicocentral-01.azurewebsites.net" X-Forwarded-Proto="https" X-AppService-Proto="https" X-Forwarded-TlsVersion="1.3" X-WAWS-Unencoded-URL="/api/deployments/latest" X-Client-IP="189.135.149.37" X-Client-Port="55844" >
  <step title="Cleanup Xml Logs" date="2025-12-04T00:18:13.278" >
    <step title="Cleanup Infos" date="2025-12-04T00:18:13.330" totalFiles="206" totalCleanup="46" /><!-- duration: 60ms -->
  </step><!-- duration: 121ms -->
  <step title="DeploymentService.GetResult" date="2025-12-04T00:18:13.409" >
    <step title="DeploymentService.GetLatestDeployment" date="2025-12-04T00:18:13.411" >
      <step title="DeploymentManager.GetResults" date="2025-12-04T00:18:13.413" /><!-- duration: 418ms -->
    </step><!-- duration: 430ms -->
  </step><!-- duration: 441ms -->
  <step title="Outgoing response" date="2025-12-04T00:18:13.853" type="response" statusCode="202" statusText="Accepted" /><!-- duration: 9ms -->
</step><!-- duration: 625ms -->
