<step title="BackgroundTrace" date="2025-12-03T21:12:49.343" instance="e0f283" url="/api/zipdeploy" method="POST" >
  <step title="Cleanup Xml Logs" date="2025-12-03T21:12:49.349" /><!-- duration: 12ms -->
  <step title="Creating temporary deployment - FetchDeploymentManager" date="2025-12-03T21:12:49.469" /><!-- duration: 3ms -->
  <step title="Creating temporary deployment" date="2025-12-03T21:12:49.475" /><!-- duration: 78ms -->
  <step title="Performing fetch based deployment" date="2025-12-03T21:12:49.597" >
    <step title="Cleaning up temp folders from previous zip deployments and extracting pushed zip file /tmp/zipdeploy/ab6a5279-5f3d-40e3-88cc-6f3f7b4476c3.zip (211.29 MB) to /tmp/zipdeploy/extracted" date="2025-12-03T21:12:50.787" >
      <step title="ChmodRecursive Process exited with total time taken in ms: 740" date="2025-12-03T21:13:18.145" /><!-- duration: 10ms -->
    </step><!-- duration: 27388ms -->
    <step title="Deployment timer started" date="2025-12-03T21:13:20.250" >
      <step title="DeploymentManager.Deploy(id:8627be56-2257-43d8-a622-54cf93890fba)" date="2025-12-03T21:13:20.253" >
        <step title="Collecting changeset information" date="2025-12-03T21:13:20.294" /><!-- duration: 108ms -->
        <step title="Updating submodules" date="2025-12-03T21:13:20.407" /><!-- duration: 1122ms -->
        <step title="Determining deployment builder" date="2025-12-03T21:13:21.755" >
          <step title="Builder is BasicBuilder" date="2025-12-03T21:13:21.768" /><!-- duration: 11ms -->
        </step><!-- duration: 27ms -->
        <step title="PreDeployment: context.CleanOutputPath False" date="2025-12-03T21:13:21.852" >
          <step title="PreDeployment: context.OutputPath /home/site/wwwroot" date="2025-12-03T21:13:22.252" >
            <step title="Building" date="2025-12-03T21:13:22.408" >
              <step title="Executing external process" date="2025-12-03T21:13:22.957" type="process" path="starter.sh" arguments="/opt/Kudu/Scripts/absoluteTar.sh /tmp/zipdeploy/extracted/node_modules /tmp/zipdeploy/extracted/node_modules.tar.gz" >
                <step title="Cpu: gzip(1025,42.480s)+sh(1024,0.010s)+tar(1023,1.590s)+absoluteTar.sh(1022,0.010s)=total(44.080s)" date="2025-12-03T21:14:23.225" /><!-- duration: 21ms -->
                <step title="starter.sh: no io activity for 60s, prev-cpu=-1.000s, current-cpu=44.080s" date="2025-12-03T21:14:23.266" /><!-- duration: 10ms -->
                <step title="Cpu: gzip(1025,89.120s)+sh(1024,0.010s)+tar(1023,3.040s)+absoluteTar.sh(1022,0.010s)=total(92.180s)" date="2025-12-03T21:15:23.365" /><!-- duration: 49ms -->
                <step title="starter.sh: no io activity for 120s, prev-cpu=44.080s, current-cpu=92.180s" date="2025-12-03T21:15:23.443" /><!-- duration: 12ms -->
              </step><!-- duration: 121315ms -->
              <step title="Executing external process" date="2025-12-03T21:15:24.670" type="process" path="starter.sh" arguments="/opt/Kudu/Scripts/parallel_rsync.sh /tmp/zipdeploy/extracted /home/site/wwwroot 8 /tmp/ False True node_modules " /><!-- duration: 11326ms -->
              <step title="Triggering recycle (preview mode disabled)." date="2025-12-03T21:15:36.736" /><!-- duration: 7ms -->
              <step title="Modified file to trigger a restart of the app container." date="2025-12-03T21:15:36.800" /><!-- duration: 3ms -->
              <step title="Skip function trigger and logicapp sync because function is not enabled." date="2025-12-03T21:15:36.816" /><!-- duration: 19ms -->
            </step><!-- duration: 135132ms -->
          </step><!-- duration: 135323ms -->
          <step title="Cleaning up temp files" date="2025-12-03T21:15:37.578" /><!-- duration: 5ms -->
          <step title="Cleaning up temp files" date="2025-12-03T21:15:37.596" /><!-- duration: 519ms -->
          <step title="Reloading status file with latest updates" date="2025-12-03T21:15:38.450" >
            <step title="WebHooksManager.PublishEventAsync: PostDeployment" date="2025-12-03T21:15:38.454" /><!-- duration: 76ms -->
          </step><!-- duration: 82ms -->
          <step title="Cleaning up temporary deployment - fetch deployment was successful" date="2025-12-03T21:15:38.538" /><!-- duration: 3ms -->
        </step><!-- duration: 136733ms -->
      </step><!-- duration: 138345ms -->
