<step title="BackgroundTrace" date="2025-12-03T23:41:14.445" instance="e0f283" url="/api/zipdeploy" method="POST" >
  <step title="Cleanup Xml Logs" date="2025-12-03T23:41:14.450" /><!-- duration: 12ms -->
  <step title="Creating temporary deployment - FetchDeploymentManager" date="2025-12-03T23:41:14.519" /><!-- duration: 2ms -->
  <step title="Creating temporary deployment" date="2025-12-03T23:41:14.524" /><!-- duration: 90ms -->
  <step title="Performing fetch based deployment" date="2025-12-03T23:41:14.674" >
    <step title="Cleaning up temp folders from previous zip deployments and extracting pushed zip file /tmp/zipdeploy/296441de-e041-4a08-8bf4-397f29695413.zip (211.29 MB) to /tmp/zipdeploy/extracted" date="2025-12-03T23:41:15.888" >
      <step title="ChmodRecursive Process exited with total time taken in ms: 627" date="2025-12-03T23:41:41.163" /><!-- duration: 11ms -->
    </step><!-- duration: 25317ms -->
    <step title="Deployment timer started" date="2025-12-03T23:41:43.232" >
      <step title="DeploymentManager.Deploy(id:b204ae28-f876-4f7f-bedf-06fd0c482654)" date="2025-12-03T23:41:43.240" >
        <step title="Collecting changeset information" date="2025-12-03T23:41:43.288" /><!-- duration: 111ms -->
        <step title="Updating submodules" date="2025-12-03T23:41:43.402" /><!-- duration: 1152ms -->
        <step title="Determining deployment builder" date="2025-12-03T23:41:44.780" >
          <step title="Builder is BasicBuilder" date="2025-12-03T23:41:44.822" /><!-- duration: 6ms -->
        </step><!-- duration: 51ms -->
        <step title="PreDeployment: context.CleanOutputPath False" date="2025-12-03T23:41:44.868" >
          <step title="PreDeployment: context.OutputPath /home/site/wwwroot" date="2025-12-03T23:41:44.966" >
            <step title="Building" date="2025-12-03T23:41:45.095" >
              <step title="Executing external process" date="2025-12-03T23:41:45.596" type="process" path="starter.sh" arguments="/opt/Kudu/Scripts/absoluteTar.sh /tmp/zipdeploy/extracted/node_modules /tmp/zipdeploy/extracted/node_modules.tar.gz" >
                <step title="Cpu: gzip(952,27.770s)+sh(951,0.000s)+tar(950,1.490s)+absoluteTar.sh(949,0.000s)=total(29.260s)" date="2025-12-03T23:42:46.785" /><!-- duration: 72ms -->
                <step title="starter.sh: no io activity for 60s, prev-cpu=-1.000s, current-cpu=29.260s" date="2025-12-03T23:42:46.995" /><!-- duration: 122ms -->
                <step title="Cpu: gzip(952,70.820s)+sh(951,0.000s)+tar(950,2.540s)+absoluteTar.sh(949,0.000s)=total(73.360s)" date="2025-12-03T23:43:47.373" /><!-- duration: 11ms -->
                <step title="starter.sh: no io activity for 122s, prev-cpu=29.260s, current-cpu=73.360s" date="2025-12-03T23:43:47.415" /><!-- duration: 58ms -->
              </step><!-- duration: 154281ms -->
              <step title="Executing external process" date="2025-12-03T23:44:20.186" type="process" path="starter.sh" arguments="/opt/Kudu/Scripts/parallel_rsync.sh /tmp/zipdeploy/extracted /home/site/wwwroot 8 /tmp/ False True node_modules " /><!-- duration: 11977ms -->
              <step title="Triggering recycle (preview mode disabled)." date="2025-12-03T23:44:32.850" /><!-- duration: 13ms -->
              <step title="Modified file to trigger a restart of the app container." date="2025-12-03T23:44:32.912" /><!-- duration: 10ms -->
              <step title="Skip function trigger and logicapp sync because function is not enabled." date="2025-12-03T23:44:32.943" /><!-- duration: 20ms -->
            </step><!-- duration: 168529ms -->
          </step><!-- duration: 168667ms -->
          <step title="Cleaning up temp files" date="2025-12-03T23:44:33.636" /><!-- duration: 5ms -->
          <step title="Cleaning up temp files" date="2025-12-03T23:44:33.653" /><!-- duration: 512ms -->
          <step title="Reloading status file with latest updates" date="2025-12-03T23:44:34.199" >
            <step title="WebHooksManager.PublishEventAsync: PostDeployment" date="2025-12-03T23:44:34.205" /><!-- duration: 141ms -->
          </step><!-- duration: 158ms -->
          <step title="Cleaning up temporary deployment - fetch deployment was successful" date="2025-12-03T23:44:34.367" /><!-- duration: 8ms -->
        </step><!-- duration: 169594ms -->
      </step><!-- duration: 171234ms -->
