<step title="BackgroundTrace" date="2025-12-04T00:40:02.917" instance="1b7224" url="/api/zipdeploy" method="POST" >
  <step title="Cleanup Xml Logs" date="2025-12-04T00:40:02.919" >
    <step title="Cleanup Infos" date="2025-12-04T00:40:02.926" totalFiles="265" totalCleanup="105" /><!-- duration: 8ms -->
  </step><!-- duration: 17ms -->
  <step title="Creating temporary deployment - FetchDeploymentManager" date="2025-12-04T00:40:03.150" /><!-- duration: 4ms -->
  <step title="Creating temporary deployment" date="2025-12-04T00:40:03.160" /><!-- duration: 567ms -->
  <step title="Performing fetch based deployment" date="2025-12-04T00:40:04.846" >
    <step title="Cleaning up temp folders from previous zip deployments and extracting pushed zip file /tmp/zipdeploy/437b754c-457c-4d28-8b15-5a1da320dfeb.zip (205.36 MB) to /tmp/zipdeploy/extracted" date="2025-12-04T00:40:06.078" >
      <step title="ChmodRecursive Process exited with total time taken in ms: 10" date="2025-12-04T00:40:44.974" /><!-- duration: 2ms -->
    </step><!-- duration: 38917ms -->
    <step title="Deployment timer started" date="2025-12-04T00:40:47.007" >
      <step title="DeploymentManager.Deploy(id:09944285-29dd-41ed-9077-a4c131acd11a)" date="2025-12-04T00:40:47.012" >
        <step title="Collecting changeset information" date="2025-12-04T00:40:47.029" /><!-- duration: 380ms -->
        <step title="Updating submodules" date="2025-12-04T00:40:47.419" /><!-- duration: 1494ms -->
        <step title="Determining deployment builder" date="2025-12-04T00:40:49.111" >
          <step title="Builder is OryxBuilder" date="2025-12-04T00:40:49.124" /><!-- duration: 2ms -->
        </step><!-- duration: 17ms -->
        <step title="PreDeployment: context.CleanOutputPath False" date="2025-12-04T00:40:49.178" >
          <step title="PreDeployment: context.OutputPath /home/site/wwwroot" date="2025-12-04T00:40:49.282" >
            <step title="Building" date="2025-12-04T00:40:49.401" >
              <step title="Executing external process" date="2025-12-04T00:40:49.755" type="process" path="bash" arguments="-c &quot;oryx build /tmp/zipdeploy/extracted -o /home/site/wwwroot --platform nodejs --platform-version 20 -p virtualenv_name= --log-file /tmp/build-debug.log  -i /tmp/8de32cdc532d0b1 -p compress_node_modules=tar-gz | tee /tmp/oryx-build.log ; exit $PIPESTATUS &quot;" 