<step title="BackgroundTrace" date="2025-12-04T00:07:13.454" instance="e0f283" url="/api/zipdeploy" method="POST" >
  <step title="Cleanup Xml Logs" date="2025-12-04T00:07:13.463" /><!-- duration: 21ms -->
  <step title="Creating temporary deployment - FetchDeploymentManager" date="2025-12-04T00:07:13.771" /><!-- duration: 2ms -->
  <step title="Creating temporary deployment" date="2025-12-04T00:07:13.783" /><!-- duration: 171ms -->
  <step title="Performing fetch based deployment" date="2025-12-04T00:07:14.062" >
    <step title="Cleaning up temp folders from previous zip deployments and extracting pushed zip file /tmp/zipdeploy/a9301af4-adf0-47c0-97fc-80e168fba495.zip (205.40 MB) to /tmp/zipdeploy/extracted" date="2025-12-04T00:07:15.433" >
      <step title="ChmodRecursive Process exited with total time taken in ms: 520" date="2025-12-04T00:07:54.196" /><!-- duration: 2ms -->
    </step><!-- duration: 38771ms -->
    <step title="Deployment timer started" date="2025-12-04T00:07:56.217" >
      <step title="DeploymentManager.Deploy(id:5304fb78-8011-4c2f-be2d-ab716d7dc4a3)" date="2025-12-04T00:07:56.220" >
        <step title="Collecting changeset information" date="2025-12-04T00:07:56.226" /><!-- duration: 87ms -->
        <step title="Updating submodules" date="2025-12-04T00:07:56.316" /><!-- duration: 1213ms -->
        <step title="Determining deployment builder" date="2025-12-04T00:07:57.734" >
          <step title="Builder is BasicBuilder" date="2025-12-04T00:07:57.763" /><!-- duration: 11ms -->
        </step><!-- duration: 51ms -->
        <step title="PreDeployment: context.CleanOutputPath False" date="2025-12-04T00:07:57.876" >
          <step title="PreDeployment: context.OutputPath /home/site/wwwroot" date="2025-12-04T00:07:57.974" >
            <step title="Building" date="2025-12-04T00:07:58.094" >
              <step title="Executing external process" date="2025-12-04T00:07:59.026" type="process" path="starter.sh" arguments="/opt/Kudu/Scripts/absoluteTar.sh /tmp/zipdeploy/extracted/node_modules /tmp/zipdeploy/extracted/node_modules.tar.gz" >
                <step title="Cpu: gzip(972,16.620s)+sh(971,0.000s)+tar(970,1.230s)+absoluteTar.sh(969,0.010s)=total(17.850s)" date="2025-12-04T00:09:00.160" /><!-- duration: 49ms -->
                <step title="starter.sh: no io activity for 61s, prev-cpu=-1.000s, current-cpu=17.850s" date="2025-12-04T00:09:00.240" /><!-- duration: 41ms -->
                <step title="Cpu: gzip(972,40.050s)+sh(971,0.000s)+tar(970,1.960s)+absoluteTar.sh(969,0.010s)=total(42.020s)" date="2025-12-04T00:10:01.064" /><!-- duration: 18ms -->
                <step title="starter.sh: no io activity for 122s, prev-cpu=17.850s, current-cpu=42.020s" date="2025-12-04T00:10:01.092" /><!-- duration: 19ms -->
                <step title="Cpu: gzip(972,87.070s)+sh(971,0.000s)+tar(970,3.200s)+absoluteTar.sh(969,0.010s)=total(90.260s)" date="2025-12-04T00:11:01.243" /><!-- duration: 19ms -->
                <step title="starter.sh: no io activity for 183s, prev-cpu=42.020s, current-cpu=90.260s" date="2025-12-04T00:11:01.283" /><!-- duration: 11ms -->
              </step><!-- duration: 191267ms -->
              <step title="Executing external process" date="2025-12-04T00:11:10.816" type="process" path="starter.sh" arguments="/opt/Kudu/Scripts/parallel_rsync.sh /tmp/zipdeploy/extracted /home/site/wwwroot 8 /tmp/ False True node_modules " /><!-- duration: 10454ms -->
              <step title="Triggering recycle (preview mode disabled)." date="2025-12-04T00:11:22.608" /><!-- duration: 30ms -->
              <step title="Modified file to trigger a restart of the app container." date="2025-12-04T00:11:22.706" /><!-- duration: 43ms -->
              <step title="Skip function trigger and logicapp sync because function is not enabled." date="2025-12-04T00:11:22.826" /><!-- duration: 2ms -->
              <step title="Purge deployment items" date="2025-12-04T00:11:24.439" >
                <step title="Remove 14a0f640-, Failed, received at 12/04/2025 00:05:03" date="2025-12-04T00:11:24.620" /><!-- duration: 20ms -->
              </step><!-- duration: 241ms -->
            </step><!-- duration: 206705ms -->
          </step><!-- duration: 206916ms -->
          <step title="Cleaning up temp files" date="2025-12-04T00:11:24.900" /><!-- duration: 47ms -->
          <step title="Cleaning up temp files" date="2025-12-04T00:11:24.951" /><!-- duration: 549ms -->
          <step title="Reloading status file with latest updates" date="2025-12-04T00:11:25.897" >
            <step title="WebHooksManager.PublishEventAsync: PostDeployment" date="2025-12-04T00:11:25.918" /><!-- duration: 128ms -->
          </step><!-- duration: 152ms -->
          <step title="Cleaning up temporary deployment - fetch deployment was successful" date="2025-12-04T00:11:26.058" /><!-- duration: 13ms -->
        </step><!-- duration: 208273ms -->
      </step><!-- duration: 209990ms -->
