<step title="Incoming Request" date="2025-12-04T00:40:31.769" instance="1b7224" url="/api/deployments/latest?deployer=ms-azuretools-vscode&amp;time=2025-12-04_00-40-03Z" method="GET" type="request" pid="831,1,18" Host="apiazuremsc-anhefqf5gzepdcav.scm.mexicocentral-01.azurewebsites.net" User-Agent="vscode-azureappservice/0.26.4 core-rest-pipeline/1.20.0 Node/22.20.0 OS/(x64-Windows_NT-10.0.26200)" Accept-Encoding="gzip,deflate" Accept-Language="es" Authorization="Bea..." x-ms-correlation-request-id="51f29c91-3242-4aca-b204-8bfb1009dac8" x-ms-client-request-id="ee7cd434-1c07-43cd-b17f-0a09373b8b93" X-ARR-LOG-ID="ee7cd434-1c07-43cd-b17f-0a09373b8b93" CLIENT-IP="189.135.149.37:54753" X-SITE-DEPLOYMENT-ID="ApiAzureMSC" WAS-DEFAULT-HOSTNAME="apiazuremsc-anhefqf5gzepdcav.scm.mexicocentral-01.azurewebsites.net" X-Forwarded-Proto="https" X-AppService-Proto="https" X-Forwarded-TlsVersion="1.3" X-WAWS-Unencoded-URL="/api/deployments/latest?deployer=ms-azuretools-vscode&amp;time=2025-12-04_00-40-03Z" X-Client-IP="189.135.149.37" X-Client-Port="54753" >
  <step title="Cleanup Xml Logs" date="2025-12-04T00:40:31.772" >
    <step title="Cleanup Infos" date="2025-12-04T00:40:31.788" totalFiles="293" totalCleanup="133" /><!-- duration: 5ms -->
  </step><!-- duration: 22ms -->
  <step title="DeploymentService.GetResult" date="2025-12-04T00:40:31.800" >
    <step title="DeploymentService.GetLatestDeployment" date="2025-12-04T00:40:31.802" >
      <step title="DeploymentManager.GetResults" date="2025-12-04T00:40:31.808" /><!-- duration: 418ms -->
    </step><!-- duration: 425ms -->
  </step><!-- duration: 430ms -->
  <step title="Outgoing response" date="2025-12-04T00:40:32.231" type="response" statusCode="202" statusText="Accepted" /><!-- duration: 2ms -->
</step><!-- duration: 467ms -->
