<step title="Incoming Request" date="2025-12-04T00:34:24.332" instance="e0f283" url="/api/deployments/latest?deployer=ms-azuretools-vscode&amp;time=2025-12-04_00-34-14Z" method="GET" type="request" pid="830,1,20" Host="apiazuremsc-anhefqf5gzepdcav.scm.mexicocentral-01.azurewebsites.net" User-Agent="vscode-azureappservice/0.26.4 core-rest-pipeline/1.20.0 Node/22.20.0 OS/(x64-Windows_NT-10.0.26200)" Accept-Encoding="gzip,deflate" Accept-Language="es" Authorization="Bea..." x-ms-correlation-request-id="0f802698-cef5-4817-9589-8b52884d734b" x-ms-client-request-id="2734b84c-b64f-495c-b8b1-18da35409d7d" X-ARR-LOG-ID="2734b84c-b64f-495c-b8b1-18da35409d7d" CLIENT-IP="189.135.149.37:57196" X-SITE-DEPLOYMENT-ID="ApiAzureMSC" WAS-DEFAULT-HOSTNAME="apiazuremsc-anhefqf5gzepdcav.scm.mexicocentral-01.azurewebsites.net" X-Forwarded-Proto="https" X-AppService-Proto="https" X-Forwarded-TlsVersion="1.3" X-WAWS-Unencoded-URL="/api/deployments/latest?deployer=ms-azuretools-vscode&amp;time=2025-12-04_00-34-14Z" X-Client-IP="189.135.149.37" X-Client-Port="57196" >
  <step title="Cleanup Xml Logs" date="2025-12-04T00:34:24.341" >
    <step title="Cleanup Infos" date="2025-12-04T00:34:24.361" totalFiles="216" totalCleanup="56" /><!-- duration: 9ms -->
  </step><!-- duration: 39ms -->
  <step title="DeploymentService.GetResult" date="2025-12-04T00:34:24.391" >
    <step title="DeploymentService.GetLatestDeployment" date="2025-12-04T00:34:24.401" >
      <step title="DeploymentManager.GetResults" date="2025-12-04T00:34:24.420" /><!-- duration: 652ms -->
    </step><!-- duration: 700ms -->
  </step><!-- duration: 769ms -->
  <step title="Outgoing response" date="2025-12-04T00:34:25.171" type="response" statusCode="202" statusText="Accepted" /><!-- duration: 21ms -->
</step><!-- duration: 870ms -->
