<step title="BackgroundTrace" date="2025-12-03T23:48:46.222" instance="e0f283" url="/api/zipdeploy" method="POST" >
  <step title="Cleanup Xml Logs" date="2025-12-03T23:48:46.229" /><!-- duration: 5ms -->
  <step title="Creating temporary deployment - FetchDeploymentManager" date="2025-12-03T23:48:46.301" /><!-- duration: 2ms -->
  <step title="Creating temporary deployment" date="2025-12-03T23:48:46.306" /><!-- duration: 70ms -->
  <step title="Performing fetch based deployment" date="2025-12-03T23:48:46.402" >
    <step title="Cleaning up temp folders from previous zip deployments and extracting pushed zip file /tmp/zipdeploy/92d28799-c6b1-4d2d-abe9-a09f49f5d924.zip (204.74 MB) to /tmp/zipdeploy/extracted" date="2025-12-03T23:48:47.574" >
      <step title="ChmodRecursive Process exited with total time taken in ms: 488" date="2025-12-03T23:49:16.529" /><!-- duration: 28ms -->
    </step><!-- duration: 29003ms -->
    <step title="Deployment timer started" date="2025-12-03T23:49:18.609" >
      <step title="DeploymentManager.Deploy(id:e50c04c9-4966-4485-bd91-d23bf995805c)" date="2025-12-03T23:49:18.612" >
        <step title="Collecting changeset information" date="2025-12-03T23:49:18.637" /><!-- duration: 121ms -->
        <step title="Updating submodules" date="2025-12-03T23:49:18.764" /><!-- duration: 1110ms -->
        <step title="Determining deployment builder" date="2025-12-03T23:49:20.107" >
          <step title="Builder is BasicBuilder" date="2025-12-03T23:49:20.145" /><!-- duration: 8ms -->
        </step><!-- duration: 49ms -->
        <step title="PreDeployment: context.CleanOutputPath False" date="2025-12-03T23:49:20.192" >
          <step title="PreDeployment: context.OutputPath /home/site/wwwroot" date="2025-12-03T23:49:20.300" >
            <step title="Building" date="2025-12-03T23:49:20.424" >
              <step title="Executing external process" date="2025-12-03T23:49:20.898" type="process" path="starter.sh" arguments="/opt/Kudu/Scripts/absoluteTar.sh /tmp/zipdeploy/extracted/node_modules /tmp/zipdeploy/extracted/node_modules.tar.gz" >
                <step title="Cpu: gzip(1128,27.970s)+sh(1127,0.000s)+tar(1126,1.330s)+absoluteTar.sh(1125,0.010s)=total(29.310s)" date="2025-12-03T23:50:21.122" /><!-- duration: 10ms -->
                <step title="starter.sh: no io activity for 60s, prev-cpu=-1.000s, current-cpu=29.310s" date="2025-12-03T23:50:21.142" /><!-- duration: 41ms -->
                <step title="Cpu: gzip(1128,67.140s)+sh(1127,0.000s)+tar(1126,2.180s)+absoluteTar.sh(1125,0.010s)=total(69.330s)" date="2025-12-03T23:51:21.397" /><!-- duration: 11ms -->
                <step title="starter.sh: no io activity for 120s, prev-cpu=29.310s, current-cpu=69.330s" date="2025-12-03T23:51:21.418" /><!-- duration: 20ms -->
              </step><!-- duration: 165176ms -->
              <step title="Executing external process" date="2025-12-03T23:52:06.325" type="process" path="starter.sh" arguments="/opt/Kudu/Scripts/parallel_rsync.sh /tmp/zipdeploy/extracted /home/site/wwwroot 8 /tmp/ False True node_modules " /><!-- duration: 11675ms -->
              <step title="Triggering recycle (preview mode disabled)." date="2025-12-03T23:52:19.647" /><!-- duration: 32ms -->
              <step title="Modified file to trigger a restart of the app container." date="2025-12-03T23:52:19.748" /><!-- duration: 19ms -->
              <step title="Skip function trigger and logicapp sync because function is not enabled." date="2025-12-03T23:52:19.777" /><!-- duration: 19ms -->
            </step><!-- duration: 180693ms -->
          </step><!-- duration: 180876ms -->
          <step title="Cleaning up temp files" date="2025-12-03T23:52:21.219" /><!-- duration: 49ms -->
          <step title="Cleaning up temp files" date="2025-12-03T23:52:21.309" /><!-- duration: 569ms -->
          <step title="Reloading status file with latest updates" date="2025-12-03T23:52:21.949" >
            <step title="WebHooksManager.PublishEventAsync: PostDeployment" date="2025-12-03T23:52:21.986" /><!-- duration: 120ms -->
          </step><!-- duration: 168ms -->
          <step title="Cleaning up temporary deployment - fetch deployment was successful" date="2025-12-03T23:52:22.298" /><!-- duration: 30ms -->
        </step><!-- duration: 182245ms -->
      </step><!-- duration: 184056ms -->
