<step title="Incoming Request" date="2025-12-04T00:16:52.025" instance="e0f283" url="/api/zipdeploy?author=ms-azuretools-vscode&amp;deployer=ms-azuretools-vscode&amp;isAsync=true&amp;trackDeploymentId=true" method="POST" type="request" pid="833,1,18" Host="apiazuremsc-anhefqf5gzepdcav.scm.mexicocentral-01.azurewebsites.net" User-Agent="vscode-azureappservice/0.26.4 core-rest-pipeline/1.20.0 Node/22.20.0 OS/(x64-Windows_NT-10.0.26200)" Accept-Encoding="gzip,deflate" Accept-Language="es" Authorization="Bea..." Transfer-Encoding="chunked" x-ms-correlation-request-id="a386c83b-93fb-42b7-8493-edfe6e9ab735" x-ms-client-request-id="6cdea261-0fea-49c3-9e3a-39bff3478bc0" X-ARR-LOG-ID="6cdea261-0fea-49c3-9e3a-39bff3478bc0" CLIENT-IP="189.135.149.37:61243" X-SITE-DEPLOYMENT-ID="ApiAzureMSC" WAS-DEFAULT-HOSTNAME="apiazuremsc-anhefqf5gzepdcav.scm.mexicocentral-01.azurewebsites.net" X-Forwarded-Proto="https" X-AppService-Proto="https" X-Forwarded-TlsVersion="1.3" X-WAWS-Unencoded-URL="/api/zipdeploy?author=ms-azuretools-vscode&amp;deployer=ms-azuretools-vscode&amp;isAsync=true&amp;trackDeploymentId=true" X-Client-IP="189.135.149.37" X-Client-Port="61243" >
  <step title="Cleanup Xml Logs" date="2025-12-04T00:16:52.032" /><!-- duration: 11ms -->
  <step title="ZipPushDeploy" date="2025-12-04T00:16:52.074" >
    <step title="ZipDeploy. Extract zip." date="2025-12-04T00:16:52.079" /><!-- duration: 4ms -->
    <step title="Starting PushDeployAsync" date="2025-12-04T00:16:52.086" /><!-- duration: 2ms -->
    <step title="Removing node_modules symlink" date="2025-12-04T00:16:52.094" >
      <step title="Removing _del_node_modules symlink" date="2025-12-04T00:16:52.174" >
        <step title="Writing artifact to /tmp/zipdeploy/9e8d6ee8-a155-44e5-84ad-ad7066e1b67d.zip" date="2025-12-04T00:16:52.223" >
          <step title="Writing multipart request body to /tmp/zipdeploy/9e8d6ee8-a155-44e5-84ad-ad7066e1b67d.zip" date="2025-12-04T00:16:52.226" /><!-- duration: 9ms -->
        </step><!-- duration: 33426ms -->
        <step title="Removing previous build artifact&apos;s manifest file" date="2025-12-04T00:17:25.698" >
          <step title="Start deployment in the background" date="2025-12-04T00:17:25.730" >
            <step title="Acquiring Deployment Lock" date="2025-12-04T00:17:26.070" /><!-- duration: 40ms -->
            <step title="Acquired Deployment Lock" date="2025-12-04T00:17:26.209" /><!-- duration: 9ms -->
          </step><!-- duration: 800ms -->
        </step><!-- duration: 912ms -->
        <step title="Outgoing response" date="2025-12-04T00:17:26.620" type="response" statusCode="202" statusText="Accepted" /><!-- duration: 19ms -->
      </step><!-- duration: 34473ms -->
