<step title="Incoming Request" date="2025-12-03T21:12:40.976" instance="e0f283" url="/api/zipdeploy?isAsync=true&amp;deployer=GITHUB_ZIP_DEPLOY&amp;message=%7B%22type%22%3A%22deployment%22%2C%22sha%22%3A%22b97b42b946bb17e236b448fcab34b9010509204d%22%2C%22repoName%22%3A%22JMartin1407%2FApi_Azure%22%2C%22actor%22%3A%22JMartin1407%22%2C%22slotName%22%3A%22production%22%2C%22commitMessage%22%3A%22Actualizar%20nombre%20del%20App%20Service%20a%20ApiAzureMSC%22%7D" method="POST" type="request" pid="831,1,23" Host="apiazuremsc-anhefqf5gzepdcav.scm.mexicocentral-01.azurewebsites.net" User-Agent="GITHUBACTIONS_DeployWebAppToAzure_9c44dbd311498807e29736e266649e36be294524c1884a7102c73f7ee8d7b547" Authorization="Bas..." Content-Type="application/octet-stream" Cookie="ARRAffinity=e0f2836045ac0d088cc7816121d053674bb0b35864f24333cbee6fcbf757d998;Path=/;HttpOnly;Secure;Domain=apiazuremsc-anhefqf5gzepdcav.scm.mexicocentral-01.azurewebsites.net; ARRAffinitySameSite=e0f2836045ac0d088cc7816121d053674bb0b35864f24333cbee6fcbf757d998;Path=/;HttpOnly;SameSite=None;Secure;Domain=apiazuremsc-anhefqf5gzepdcav.scm.mexicocentral-01.azurewebsites.net" Transfer-Encoding="chunked" X-ARR-LOG-ID="db037825-8a86-4118-97a2-36e13915f96d" CLIENT-IP="4.246.135.67:59416" X-SITE-DEPLOYMENT-ID="ApiAzureMSC" WAS-DEFAULT-HOSTNAME="apiazuremsc-anhefqf5gzepdcav.scm.mexicocentral-01.azurewebsites.net" X-Forwarded-Proto="https" X-AppService-Proto="https" X-Forwarded-TlsVersion="1.3" X-WAWS-Unencoded-URL="/api/zipdeploy?isAsync=true&amp;deployer=GITHUB_ZIP_DEPLOY&amp;message=%7B%22type%22%3A%22deployment%22%2C%22sha%22%3A%22b97b42b946bb17e236b448fcab34b9010509204d%22%2C%22repoName%22%3A%22JMartin1407%2FApi_Azure%22%2C%22actor%22%3A%22JMartin1407%22%2C%22slotName%22%3A%22production%22%2C%22commitMessage%22%3A%22Actualizar%20nombre%20del%20App%20Service%20a%20ApiAzureMSC%22%7D" X-Client-IP="4.246.135.67" X-Client-Port="59416" >
  <step title="Cleanup Xml Logs" date="2025-12-03T21:12:40.982" /><!-- duration: 9ms -->
  <step title="ZipPushDeploy" date="2025-12-03T21:12:41.093" >
    <step title="ZipDeploy. Extract zip." date="2025-12-03T21:12:41.103" /><!-- duration: 3ms -->
    <step title="None repository commit" date="2025-12-03T21:12:41.113" >
      <step title="Commit id: 8627be56-2257-43d8-a622-54cf93890fba" date="2025-12-03T21:12:41.121" Message="N/A" AuthorName="N/A" AuthorEmail="N/A" /><!-- duration: 3ms -->
    </step><!-- duration: 14ms -->
    <step title="Starting PushDeployAsync" date="2025-12-03T21:12:41.147" /><!-- duration: 3ms -->
    <step title="Writing artifact to /tmp/zipdeploy/ab6a5279-5f3d-40e3-88cc-6f3f7b4476c3.zip" date="2025-12-03T21:12:41.168" >
      <step title="Writing multipart request body to /tmp/zipdeploy/ab6a5279-5f3d-40e3-88cc-6f3f7b4476c3.zip" date="2025-12-03T21:12:41.176" /><!-- duration: 3ms -->
    </step><!-- duration: 8142ms -->
    <step title="Start deployment in the background" date="2025-12-03T21:12:49.338" >
      <step title="Acquiring Deployment Lock" date="2025-12-03T21:12:49.390" /><!-- duration: 3ms -->
      <step title="Acquired Deployment Lock" date="2025-12-03T21:12:49.463" /><!-- duration: 3ms -->
    </step><!-- duration: 221ms -->
  </step><!-- duration: 8476ms -->
  <step title="Outgoing response" date="2025-12-03T21:12:49.580" type="response" statusCode="202" statusText="Accepted" /><!-- duration: 3ms -->
</step><!-- duration: 8610ms -->
