<step title="Incoming Request" date="2025-12-04T00:06:32.282" instance="e0f283" url="/api/zipdeploy?author=ms-azuretools-vscode&amp;deployer=ms-azuretools-vscode&amp;isAsync=true&amp;trackDeploymentId=true" method="POST" type="request" pid="833,1,3" Host="apiazuremsc-anhefqf5gzepdcav.scm.mexicocentral-01.azurewebsites.net" User-Agent="vscode-azureappservice/0.26.4 core-rest-pipeline/1.20.0 Node/22.20.0 OS/(x64-Windows_NT-10.0.26200)" Accept-Encoding="gzip,deflate" Accept-Language="es" Authorization="Bea..." Transfer-Encoding="chunked" x-ms-correlation-request-id="0dfe20e0-a2fe-47fe-8557-e054faeb251b" x-ms-client-request-id="357899c2-0d53-4f3c-b51e-afc9c0e8596c" X-ARR-LOG-ID="357899c2-0d53-4f3c-b51e-afc9c0e8596c" CLIENT-IP="189.135.149.37:61690" X-SITE-DEPLOYMENT-ID="ApiAzureMSC" WAS-DEFAULT-HOSTNAME="apiazuremsc-anhefqf5gzepdcav.scm.mexicocentral-01.azurewebsites.net" X-Forwarded-Proto="https" X-AppService-Proto="https" X-Forwarded-TlsVersion="1.3" X-WAWS-Unencoded-URL="/api/zipdeploy?author=ms-azuretools-vscode&amp;deployer=ms-azuretools-vscode&amp;isAsync=true&amp;trackDeploymentId=true" X-Client-IP="189.135.149.37" X-Client-Port="61690" >
  <step title="Cleanup Xml Logs" date="2025-12-04T00:06:32.292" /><!-- duration: 12ms -->
  <step title="ZipPushDeploy" date="2025-12-04T00:06:32.363" >
    <step title="ZipDeploy. Extract zip." date="2025-12-04T00:06:32.392" /><!-- duration: 9ms -->
    <step title="Starting PushDeployAsync" date="2025-12-04T00:06:32.403" /><!-- duration: 9ms -->
    <step title="Writing artifact to /tmp/zipdeploy/a9301af4-adf0-47c0-97fc-80e168fba495.zip" date="2025-12-04T00:06:32.453" >
      <step title="Writing multipart request body to /tmp/zipdeploy/a9301af4-adf0-47c0-97fc-80e168fba495.zip" date="2025-12-04T00:06:32.471" /><!-- duration: 13ms -->
    </step><!-- duration: 40881ms -->
    <step title="Removing previous build artifact&apos;s manifest file" date="2025-12-04T00:07:13.362" >
      <step title="Start deployment in the background" date="2025-12-04T00:07:13.422" >
        <step title="Acquiring Deployment Lock" date="2025-12-04T00:07:13.672" /><!-- duration: 9ms -->
        <step title="Acquired Deployment Lock" date="2025-12-04T00:07:13.732" /><!-- duration: 22ms -->
      </step><!-- duration: 561ms -->
    </step><!-- duration: 658ms -->
    <step title="Outgoing response" date="2025-12-04T00:07:14.035" type="response" statusCode="202" statusText="Accepted" /><!-- duration: 20ms -->
  </step><!-- duration: 41693ms -->
