<step title="Incoming Request" date="2025-12-04T01:04:50.547" instance="481148" url="/deploy?scmType=GitHubAction&amp;isAsync=true" method="POST" type="request" pid="831,1,3" Host="apiazuremsc-anhefqf5gzepdcav.scm.mexicocentral-01.azurewebsites.net" User-Agent="Azure-WebSites-Controller/106.0.7.121" Authorization="Bas..." Expect="100-continue" Content-Length="80" x-ms-request-id="49606c0a-1b1e-4c7d-85df-bfeff290fad8" X-ARR-LOG-ID="49606c0a-1b1e-4c7d-85df-bfeff290fad8" CLIENT-IP="158.23.105.3:4928" X-SITE-DEPLOYMENT-ID="ApiAzureMSC" WAS-DEFAULT-HOSTNAME="apiazuremsc-anhefqf5gzepdcav.scm.mexicocentral-01.azurewebsites.net" X-MS-PLATFORM-INTERNAL="True" X-Forwarded-Proto="https" X-AppService-Proto="https" X-Forwarded-TlsVersion="1.3" X-WAWS-Unencoded-URL="/deploy?scmType=GitHubAction&amp;isAsync=true" X-Client-IP="158.23.105.3" X-Client-Port="4928" >
  <step title="Cleanup Xml Logs" date="2025-12-04T01:04:50.552" >
    <step title="Cleanup Infos" date="2025-12-04T01:04:50.564" totalFiles="323" totalCleanup="163" /><!-- duration: 12ms -->
  </step><!-- duration: 27ms -->
  <step title="FetchHandler" date="2025-12-04T01:04:50.595" >
    <step title="Executing external process" date="2025-12-04T01:04:50.779" type="process" path="git" arguments="rev-parse --git-dir" /><!-- duration: 35ms -->
    <step title="Executing external process" date="2025-12-04T01:04:50.820" type="process" path="git" arguments="rev-parse --git-dir" /><!-- duration: 7ms -->
    <step title="Executing external process" date="2025-12-04T01:04:50.829" type="process" path="git" arguments="log -n 1 master --" >
      <step title="Process dump" date="2025-12-04T01:04:50.852" exitCode="128" type="processOutput" /><!-- duration: 5ms -->
    </step><!-- duration: 30ms -->
    <step title="Start deployment in the background" date="2025-12-04T01:04:50.874" >
      <step title="Executing external process" date="2025-12-04T01:04:50.882" type="process" path="git" arguments="rev-parse --git-dir" /><!-- duration: 8ms -->
      <step title="Executing external process" date="2025-12-04T01:04:50.895" type="process" path="git" arguments="rev-parse --git-dir" /><!-- duration: 7ms -->
      <step title="Executing external process" date="2025-12-04T01:04:50.906" type="process" path="git" arguments="log -n 1 master --" >
        <step title="Process dump" date="2025-12-04T01:04:50.916" exitCode="128" type="processOutput" /><!-- duration: 2ms -->
      </step><!-- duration: 15ms -->
      <step title="Acquiring Deployment Lock" date="2025-12-04T01:04:50.923" /><!-- duration: 2ms -->
      <step title="Acquired Deployment Lock" date="2025-12-04T01:04:50.945" /><!-- duration: 9ms -->
    </step><!-- duration: 412ms -->
  </step><!-- duration: 694ms -->
  <step title="Outgoing response" date="2025-12-04T01:04:51.292" type="response" statusCode="202" statusText="Accepted" /><!-- duration: 3ms -->
</step><!-- duration: 749ms -->
