<step title="Incoming Request" date="2025-12-04T00:40:44.037" instance="1b7224" url="/api/deployments/latest?deployer=ms-azuretools-vscode&amp;time=2025-12-04_00-40-03Z" method="GET" type="request" pid="831,1,14" Host="apiazuremsc-anhefqf5gzepdcav.scm.mexicocentral-01.azurewebsites.net" User-Agent="vscode-azureappservice/0.26.4 core-rest-pipeline/1.20.0 Node/22.20.0 OS/(x64-Windows_NT-10.0.26200)" Accept-Encoding="gzip,deflate" Accept-Language="es" Authorization="Bea..." x-ms-correlation-request-id="51f29c91-3242-4aca-b204-8bfb1009dac8" x-ms-client-request-id="71c85fa3-f0dd-420a-8e4f-ce1bd02bc682" X-ARR-LOG-ID="71c85fa3-f0dd-420a-8e4f-ce1bd02bc682" CLIENT-IP="189.135.149.37:63036" X-SITE-DEPLOYMENT-ID="ApiAzureMSC" WAS-DEFAULT-HOSTNAME="apiazuremsc-anhefqf5gzepdcav.scm.mexicocentral-01.azurewebsites.net" X-Forwarded-Proto="https" X-AppService-Proto="https" X-Forwarded-TlsVersion="1.3" X-WAWS-Unencoded-URL="/api/deployments/latest?deployer=ms-azuretools-vscode&amp;time=2025-12-04_00-40-03Z" X-Client-IP="189.135.149.37" X-Client-Port="63036" >
  <step title="Cleanup Xml Logs" date="2025-12-04T00:40:44.039" >
    <step title="Cleanup Infos" date="2025-12-04T00:40:44.048" totalFiles="305" totalCleanup="145" /><!-- duration: 4ms -->
  </step><!-- duration: 17ms -->
  <step title="DeploymentService.GetResult" date="2025-12-04T00:40:44.063" >
    <step title="DeploymentService.GetLatestDeployment" date="2025-12-04T00:40:44.066" >
      <step title="DeploymentManager.GetResults" date="2025-12-04T00:40:44.071" /><!-- duration: 778ms -->
    </step><!-- duration: 787ms -->
  </step><!-- duration: 798ms -->
  <step title="Outgoing response" date="2025-12-04T00:40:44.864" type="response" statusCode="202" statusText="Accepted" /><!-- duration: 2ms -->
</step><!-- duration: 833ms -->
