<step title="Incoming Request" date="2025-12-03T23:42:05.255" instance="e0f283" url="/api/zipdeploy?author=ms-azuretools-vscode&amp;deployer=ms-azuretools-vscode&amp;isAsync=true&amp;trackDeploymentId=true" method="POST" type="request" pid="833,1,3" Host="apiazuremsc-anhefqf5gzepdcav.scm.mexicocentral-01.azurewebsites.net" User-Agent="vscode-azureappservice/0.26.4 core-rest-pipeline/1.20.0 Node/22.20.0 OS/(x64-Windows_NT-10.0.26200)" Accept-Encoding="gzip,deflate" Accept-Language="es" Authorization="Bea..." Transfer-Encoding="chunked" x-ms-correlation-request-id="ff2466e0-0fab-43d7-8e6a-6d6bbd2e29ae" x-ms-client-request-id="d1213196-28fc-4c44-84c6-f211af5d7d62" X-ARR-LOG-ID="d1213196-28fc-4c44-84c6-f211af5d7d62" CLIENT-IP="189.135.149.37:65442" X-SITE-DEPLOYMENT-ID="ApiAzureMSC" WAS-DEFAULT-HOSTNAME="apiazuremsc-anhefqf5gzepdcav.scm.mexicocentral-01.azurewebsites.net" X-Forwarded-Proto="https" X-AppService-Proto="https" X-Forwarded-TlsVersion="1.3" X-WAWS-Unencoded-URL="/api/zipdeploy?author=ms-azuretools-vscode&amp;deployer=ms-azuretools-vscode&amp;isAsync=true&amp;trackDeploymentId=true" X-Client-IP="189.135.149.37" X-Client-Port="65442" >
  <step title="Cleanup Xml Logs" date="2025-12-03T23:42:05.265" /><!-- duration: 29ms -->
  <step title="ZipPushDeploy" date="2025-12-03T23:42:05.453" >
    <step title="ZipDeploy. Extract zip." date="2025-12-03T23:42:05.514" /><!-- duration: 69ms -->
    <step title="Starting PushDeployAsync" date="2025-12-03T23:42:05.643" /><!-- duration: 21ms -->
    <step title="Writing artifact to /tmp/zipdeploy/92d28799-c6b1-4d2d-abe9-a09f49f5d924.zip" date="2025-12-03T23:42:05.744" >
      <step title="Writing multipart request body to /tmp/zipdeploy/92d28799-c6b1-4d2d-abe9-a09f49f5d924.zip" date="2025-12-03T23:42:05.765" /><!-- duration: 57ms -->
    </step><!-- duration: 400451ms -->
    <step title="Removing previous build artifact&apos;s manifest file" date="2025-12-03T23:48:46.202" >
      <step title="Start deployment in the background" date="2025-12-03T23:48:46.219" >
        <step title="Acquiring Deployment Lock" date="2025-12-03T23:48:46.262" /><!-- duration: 2ms -->
        <step title="Acquired Deployment Lock" date="2025-12-03T23:48:46.294" /><!-- duration: 4ms -->
      </step><!-- duration: 159ms -->
    </step><!-- duration: 181ms -->
    <step title="Outgoing response" date="2025-12-03T23:48:46.387" type="response" statusCode="202" statusText="Accepted" /><!-- duration: 4ms -->
  </step><!-- duration: 400941ms -->
