<step title="Incoming Request" date="2025-12-04T00:38:39.770" instance="1b7224" url="/api/zipdeploy?isAsync=true" method="POST" type="request" pid="831,1,5" Accept="*/*" Host="apiazuremsc-anhefqf5gzepdcav.scm.mexicocentral-01.azurewebsites.net" User-Agent="AZURECLI/2.81.0 (MSI)" Accept-Encoding="gzip, deflate" Authorization="Bas..." Cache-Control="no-cache" Content-Type="application/octet-stream" Content-Length="267895" x-ms-client-request-id="8183cdd0-d0a9-11f0-87e3-e0d464918eb6" x-ms-artifact-checksum="9412d0e0540613daf56ac4a92f66bb426843fed23048ba0e82c25d3f9de16533" X-ARR-LOG-ID="8183cdd0-d0a9-11f0-87e3-e0d464918eb6" CLIENT-IP="189.135.149.37:50741" X-SITE-DEPLOYMENT-ID="ApiAzureMSC" WAS-DEFAULT-HOSTNAME="apiazuremsc-anhefqf5gzepdcav.scm.mexicocentral-01.azurewebsites.net" X-Forwarded-Proto="https" X-AppService-Proto="https" X-Forwarded-TlsVersion="1.3" X-WAWS-Unencoded-URL="/api/zipdeploy?isAsync=true" X-Client-IP="189.135.149.37" X-Client-Port="50741" >
  <step title="ZipPushDeploy" date="2025-12-04T00:38:40.036" >
    <step title="ZipDeploy. Extract zip. Remote build." date="2025-12-04T00:38:40.043" /><!-- duration: 4ms -->
    <step title="None repository commit" date="2025-12-04T00:38:40.052" >
      <step title="Commit id: 17921aba-5fb6-4aef-b4ec-6e0bb6867910" date="2025-12-04T00:38:40.055" Message="N/A" AuthorName="N/A" AuthorEmail="N/A" /><!-- duration: 3ms -->
    </step><!-- duration: 9ms -->
    <step title="Starting PushDeployAsync" date="2025-12-04T00:38:40.064" /><!-- duration: 3ms -->
    <step title="Writing artifact to /tmp/zipdeploy/769a09bb-aeb1-4c66-935c-c4abbde08000.zip" date="2025-12-04T00:38:40.078" >
      <step title="Writing multipart request body to /tmp/zipdeploy/769a09bb-aeb1-4c66-935c-c4abbde08000.zip" date="2025-12-04T00:38:40.081" /><!-- duration: 2ms -->
    </step><!-- duration: 19ms -->
    <step title="Start deployment in the background" date="2025-12-04T00:38:40.105" >
      <step title="Acquiring Deployment Lock" date="2025-12-04T00:38:40.113" /><!-- duration: 3ms -->
      <step title="Cannot Acquire Deployment Lock already held" date="2025-12-04T00:38:40.123" /><!-- duration: 2ms -->
    </step><!-- duration: 62ms -->
    <step title="There is a deployment currently in progress. Please try again when it completes." date="2025-12-04T00:38:40.172" /><!-- duration: 2ms -->
  </step><!-- duration: 141ms -->
  <step title="Outgoing response" date="2025-12-04T00:38:40.204" type="response" statusCode="409" statusText="Conflict" /><!-- duration: 10ms -->
</step><!-- duration: 455ms -->
