<step title="Incoming Request" date="2025-12-04T00:34:28.372" instance="e0f283" url="/api/deployments/latest?deployer=ms-azuretools-vscode&amp;time=2025-12-04_00-34-14Z" method="GET" type="request" pid="830,1,21" Host="apiazuremsc-anhefqf5gzepdcav.scm.mexicocentral-01.azurewebsites.net" User-Agent="vscode-azureappservice/0.26.4 core-rest-pipeline/1.20.0 Node/22.20.0 OS/(x64-Windows_NT-10.0.26200)" Accept-Encoding="gzip,deflate" Accept-Language="es" Authorization="Bea..." x-ms-correlation-request-id="0f802698-cef5-4817-9589-8b52884d734b" x-ms-client-request-id="319d8ff6-3032-4b75-9b04-6ad261c72ee1" X-ARR-LOG-ID="319d8ff6-3032-4b75-9b04-6ad261c72ee1" CLIENT-IP="189.135.149.37:62560" X-SITE-DEPLOYMENT-ID="ApiAzureMSC" WAS-DEFAULT-HOSTNAME="apiazuremsc-anhefqf5gzepdcav.scm.mexicocentral-01.azurewebsites.net" X-Forwarded-Proto="https" X-AppService-Proto="https" X-Forwarded-TlsVersion="1.3" X-WAWS-Unencoded-URL="/api/deployments/latest?deployer=ms-azuretools-vscode&amp;time=2025-12-04_00-34-14Z" X-Client-IP="189.135.149.37" X-Client-Port="62560" >
  <step title="Cleanup Xml Logs" date="2025-12-04T00:34:28.381" >
    <step title="Cleanup Infos" date="2025-12-04T00:34:28.420" totalFiles="219" totalCleanup="59" /><!-- duration: 12ms -->
  </step><!-- duration: 81ms -->
  <step title="DeploymentService.GetResult" date="2025-12-04T00:34:28.511" >
    <step title="DeploymentService.GetLatestDeployment" date="2025-12-04T00:34:28.520" >
      <step title="DeploymentManager.GetResults" date="2025-12-04T00:34:28.551" /><!-- duration: 771ms -->
    </step><!-- duration: 812ms -->
  </step><!-- duration: 831ms -->
  <step title="Outgoing response" date="2025-12-04T00:34:29.364" type="response" statusCode="202" statusText="Accepted" /><!-- duration: 9ms -->
</step><!-- duration: 1010ms -->
