<step title="Incoming Request" date="2025-12-04T00:34:46.511" instance="e0f283" url="/api/deployments/latest?deployer=ms-azuretools-vscode&amp;time=2025-12-04_00-34-14Z" method="GET" type="request" pid="830,1,20" Host="apiazuremsc-anhefqf5gzepdcav.scm.mexicocentral-01.azurewebsites.net" User-Agent="vscode-azureappservice/0.26.4 core-rest-pipeline/1.20.0 Node/22.20.0 OS/(x64-Windows_NT-10.0.26200)" Accept-Encoding="gzip,deflate" Accept-Language="es" Authorization="Bea..." x-ms-correlation-request-id="0f802698-cef5-4817-9589-8b52884d734b" x-ms-client-request-id="595e4a58-be90-44db-8b29-bc3cf534132c" X-ARR-LOG-ID="595e4a58-be90-44db-8b29-bc3cf534132c" CLIENT-IP="189.135.149.37:57262" X-SITE-DEPLOYMENT-ID="ApiAzureMSC" WAS-DEFAULT-HOSTNAME="apiazuremsc-anhefqf5gzepdcav.scm.mexicocentral-01.azurewebsites.net" X-Forwarded-Proto="https" X-AppService-Proto="https" X-Forwarded-TlsVersion="1.3" X-WAWS-Unencoded-URL="/api/deployments/latest?deployer=ms-azuretools-vscode&amp;time=2025-12-04_00-34-14Z" X-Client-IP="189.135.149.37" X-Client-Port="57262" >
  <step title="Cleanup Xml Logs" date="2025-12-04T00:34:46.531" >
    <step title="Cleanup Infos" date="2025-12-04T00:34:46.651" totalFiles="234" totalCleanup="74" /><!-- duration: 18ms -->
  </step><!-- duration: 158ms -->
  <step title="DeploymentService.GetResult" date="2025-12-04T00:34:46.710" >
    <step title="DeploymentService.GetLatestDeployment" date="2025-12-04T00:34:46.730" >
      <step title="DeploymentManager.GetResults" date="2025-12-04T00:34:46.760" /><!-- duration: 1051ms -->
    </step><!-- duration: 1092ms -->
  </step><!-- duration: 1121ms -->
  <step title="Outgoing response" date="2025-12-04T00:34:47.851" type="response" statusCode="202" statusText="Accepted" /><!-- duration: 8ms -->
</step><!-- duration: 1359ms -->
