<step title="Incoming Request" date="2025-12-04T00:32:41.485" instance="e0f283" url="/api/zipdeploy?author=ms-azuretools-vscode&amp;deployer=ms-azuretools-vscode&amp;isAsync=true&amp;trackDeploymentId=true" method="POST" type="request" pid="830,1,7" Host="apiazuremsc-anhefqf5gzepdcav.scm.mexicocentral-01.azurewebsites.net" User-Agent="vscode-azureappservice/0.26.4 core-rest-pipeline/1.20.0 Node/22.20.0 OS/(x64-Windows_NT-10.0.26200)" Accept-Encoding="gzip,deflate" Accept-Language="es" Authorization="Bea..." Transfer-Encoding="chunked" x-ms-correlation-request-id="0f802698-cef5-4817-9589-8b52884d734b" x-ms-client-request-id="36c564d2-42e1-4008-92dd-7ef9184768b4" X-ARR-LOG-ID="36c564d2-42e1-4008-92dd-7ef9184768b4" CLIENT-IP="189.135.149.37:62784" X-SITE-DEPLOYMENT-ID="ApiAzureMSC" WAS-DEFAULT-HOSTNAME="apiazuremsc-anhefqf5gzepdcav.scm.mexicocentral-01.azurewebsites.net" X-Forwarded-Proto="https" X-AppService-Proto="https" X-Forwarded-TlsVersion="1.3" X-WAWS-Unencoded-URL="/api/zipdeploy?author=ms-azuretools-vscode&amp;deployer=ms-azuretools-vscode&amp;isAsync=true&amp;trackDeploymentId=true" X-Client-IP="189.135.149.37" X-Client-Port="62784" >
  <step title="ZipPushDeploy" date="2025-12-04T00:32:42.056" >
    <step title="ZipDeploy. Extract zip." date="2025-12-04T00:32:42.068" /><!-- duration: 2ms -->
    <step title="None repository commit" date="2025-12-04T00:32:42.076" >
      <step title="Commit id: 9a71e6e8-edc3-48e5-87bc-a31cdfe56e72" date="2025-12-04T00:32:42.078" Message="N/A" AuthorName="N/A" AuthorEmail="N/A" /><!-- duration: 2ms -->
    </step><!-- duration: 5ms -->
    <step title="Starting PushDeployAsync" date="2025-12-04T00:32:42.084" /><!-- duration: 2ms -->
    <step title="Removing node_modules symlink" date="2025-12-04T00:32:42.111" >
      <step title="Removing _del_node_modules symlink" date="2025-12-04T00:32:42.167" >
        <step title="Writing artifact to /tmp/zipdeploy/844c5b69-b071-41bd-b5f7-c194df1c6884.zip" date="2025-12-04T00:32:42.247" >
          <step title="Writing multipart request body to /tmp/zipdeploy/844c5b69-b071-41bd-b5f7-c194df1c6884.zip" date="2025-12-04T00:32:42.275" /><!-- duration: 2ms -->
        </step><!-- duration: 91116ms -->
        <step title="Removing previous build artifact&apos;s manifest file" date="2025-12-04T00:34:13.441" >
          <step title="Start deployment in the background" date="2025-12-04T00:34:13.652" >
            <step title="Acquiring Deployment Lock" date="2025-12-04T00:34:14.153" /><!-- duration: 19ms -->
            <step title="Acquired Deployment Lock" date="2025-12-04T00:34:14.387" /><!-- duration: 5ms -->
          </step><!-- duration: 869ms -->
        </step><!-- duration: 1140ms -->
        <step title="Outgoing response" date="2025-12-04T00:34:14.775" type="response" statusCode="202" statusText="Accepted" /><!-- duration: 30ms -->
      </step><!-- duration: 92656ms -->
