<step title="Incoming Request" date="2025-12-03T23:41:07.576" instance="e0f283" url="/api/zipdeploy?isAsync=true&amp;deployer=GITHUB_ZIP_DEPLOY&amp;message=%7B%22type%22%3A%22deployment%22%2C%22sha%22%3A%22bafb6c113893167f25d468f1e189559d49eef770%22%2C%22repoName%22%3A%22JMartin1407%2FApi_Azure%22%2C%22actor%22%3A%22JMartin1407%22%2C%22slotName%22%3A%22production%22%2C%22commitMessage%22%3A%22Agregar%20ruta%20principal%20(%2F)%20para%20Azure%20App%20Service%22%7D" method="POST" type="request" pid="833,1,15" Host="apiazuremsc-anhefqf5gzepdcav.scm.mexicocentral-01.azurewebsites.net" User-Agent="GITHUBACTIONS_DeployWebAppToAzure_9c44dbd311498807e29736e266649e36be294524c1884a7102c73f7ee8d7b547" Authorization="Bas..." Content-Type="application/octet-stream" Cookie="ARRAffinity=e0f2836045ac0d088cc7816121d053674bb0b35864f24333cbee6fcbf757d998;Path=/;HttpOnly;Secure;Domain=apiazuremsc-anhefqf5gzepdcav.scm.mexicocentral-01.azurewebsites.net; ARRAffinitySameSite=e0f2836045ac0d088cc7816121d053674bb0b35864f24333cbee6fcbf757d998;Path=/;HttpOnly;SameSite=None;Secure;Domain=apiazuremsc-anhefqf5gzepdcav.scm.mexicocentral-01.azurewebsites.net" Transfer-Encoding="chunked" X-ARR-LOG-ID="3cbbe365-ecf4-4520-9fa0-189a98b0cfe0" CLIENT-IP="172.184.211.114:9216" X-SITE-DEPLOYMENT-ID="ApiAzureMSC" WAS-DEFAULT-HOSTNAME="apiazuremsc-anhefqf5gzepdcav.scm.mexicocentral-01.azurewebsites.net" X-Forwarded-Proto="https" X-AppService-Proto="https" X-Forwarded-TlsVersion="1.3" X-WAWS-Unencoded-URL="/api/zipdeploy?isAsync=true&amp;deployer=GITHUB_ZIP_DEPLOY&amp;message=%7B%22type%22%3A%22deployment%22%2C%22sha%22%3A%22bafb6c113893167f25d468f1e189559d49eef770%22%2C%22repoName%22%3A%22JMartin1407%2FApi_Azure%22%2C%22actor%22%3A%22JMartin1407%22%2C%22slotName%22%3A%22production%22%2C%22commitMessage%22%3A%22Agregar%20ruta%20principal%20(%2F)%20para%20Azure%20App%20Service%22%7D" X-Client-IP="172.184.211.114" X-Client-Port="9216" >
  <step title="Cleanup Xml Logs" date="2025-12-03T23:41:07.592" /><!-- duration: 4ms -->
  <step title="ZipPushDeploy" date="2025-12-03T23:41:07.647" >
    <step title="ZipDeploy. Extract zip." date="2025-12-03T23:41:07.658" /><!-- duration: 2ms -->
    <step title="None repository commit" date="2025-12-03T23:41:07.665" >
      <step title="Commit id: b204ae28-f876-4f7f-bedf-06fd0c482654" date="2025-12-03T23:41:07.667" Message="N/A" AuthorName="N/A" AuthorEmail="N/A" /><!-- duration: 2ms -->
    </step><!-- duration: 7ms -->
    <step title="Starting PushDeployAsync" date="2025-12-03T23:41:07.675" /><!-- duration: 2ms -->
    <step title="Removing node_modules symlink" date="2025-12-03T23:41:07.696" >
      <step title="Removing _del_node_modules symlink" date="2025-12-03T23:41:07.779" >
        <step title="Writing artifact to /tmp/zipdeploy/296441de-e041-4a08-8bf4-397f29695413.zip" date="2025-12-03T23:41:07.818" >
          <step title="Writing multipart request body to /tmp/zipdeploy/296441de-e041-4a08-8bf4-397f29695413.zip" date="2025-12-03T23:41:07.845" /><!-- duration: 3ms -->
        </step><!-- duration: 6598ms -->
        <step title="Removing previous build artifact&apos;s manifest file" date="2025-12-03T23:41:14.424" >
          <step title="Start deployment in the background" date="2025-12-03T23:41:14.442" >
            <step title="Acquiring Deployment Lock" date="2025-12-03T23:41:14.489" /><!-- duration: 2ms -->
            <step title="Acquired Deployment Lock" date="2025-12-03T23:41:14.515" /><!-- duration: 2ms -->
          </step><!-- duration: 176ms -->
        </step><!-- duration: 222ms -->
        <step title="Outgoing response" date="2025-12-03T23:41:14.656" type="response" statusCode="202" statusText="Accepted" /><!-- duration: 7ms -->
      </step><!-- duration: 6886ms -->
