<step title="Incoming Request" date="2025-12-04T00:40:11.012" instance="1b7224" url="/api/deployments/latest?deployer=ms-azuretools-vscode&amp;time=2025-12-04_00-40-03Z" method="GET" type="request" pid="831,1,5" Host="apiazuremsc-anhefqf5gzepdcav.scm.mexicocentral-01.azurewebsites.net" User-Agent="vscode-azureappservice/0.26.4 core-rest-pipeline/1.20.0 Node/22.20.0 OS/(x64-Windows_NT-10.0.26200)" Accept-Encoding="gzip,deflate" Accept-Language="es" Authorization="Bea..." x-ms-correlation-request-id="51f29c91-3242-4aca-b204-8bfb1009dac8" x-ms-client-request-id="50dfb491-b2c1-4957-9b09-586cee60184a" X-ARR-LOG-ID="50dfb491-b2c1-4957-9b09-586cee60184a" CLIENT-IP="189.135.149.37:49742" X-SITE-DEPLOYMENT-ID="ApiAzureMSC" WAS-DEFAULT-HOSTNAME="apiazuremsc-anhefqf5gzepdcav.scm.mexicocentral-01.azurewebsites.net" X-Forwarded-Proto="https" X-AppService-Proto="https" X-Forwarded-TlsVersion="1.3" X-WAWS-Unencoded-URL="/api/deployments/latest?deployer=ms-azuretools-vscode&amp;time=2025-12-04_00-40-03Z" X-Client-IP="189.135.149.37" X-Client-Port="49742" >
  <step title="Cleanup Xml Logs" date="2025-12-04T00:40:11.014" >
    <step title="Cleanup Infos" date="2025-12-04T00:40:11.022" totalFiles="272" totalCleanup="112" /><!-- duration: 4ms -->
  </step><!-- duration: 14ms -->
  <step title="DeploymentService.GetResult" date="2025-12-04T00:40:11.035" >
    <step title="DeploymentService.GetLatestDeployment" date="2025-12-04T00:40:11.037" >
      <step title="DeploymentManager.GetResults" date="2025-12-04T00:40:11.039" /><!-- duration: 426ms -->
    </step><!-- duration: 431ms -->
  </step><!-- duration: 435ms -->
  <step title="Outgoing response" date="2025-12-04T00:40:11.473" type="response" statusCode="202" statusText="Accepted" /><!-- duration: 5ms -->
</step><!-- duration: 469ms -->
