<step title="Incoming Request" date="2025-12-04T00:35:11.868" instance="e0f283" url="/api/deployments/latest" method="GET" type="request" pid="830,1,21" Host="apiazuremsc-anhefqf5gzepdcav.scm.mexicocentral-01.azurewebsites.net" User-Agent="vscode-azureappservice/0.26.4 core-rest-pipeline/1.20.0 Node/22.20.0 OS/(x64-Windows_NT-10.0.26200)" Accept-Encoding="gzip,deflate" Accept-Language="es" Authorization="Bea..." x-ms-correlation-request-id="411c09a6-09ba-4285-adf4-ae7166105b66" x-ms-client-request-id="9b9308c4-5a36-4574-b859-4947313f1870" X-ARR-LOG-ID="9b9308c4-5a36-4574-b859-4947313f1870" CLIENT-IP="189.135.149.37:5351" X-SITE-DEPLOYMENT-ID="ApiAzureMSC" WAS-DEFAULT-HOSTNAME="apiazuremsc-anhefqf5gzepdcav.scm.mexicocentral-01.azurewebsites.net" X-Forwarded-Proto="https" X-AppService-Proto="https" X-Forwarded-TlsVersion="1.3" X-WAWS-Unencoded-URL="/api/deployments/latest" X-Client-IP="189.135.149.37" X-Client-Port="5351" >
  <step title="Cleanup Xml Logs" date="2025-12-04T00:35:11.877" >
    <step title="Cleanup Infos" date="2025-12-04T00:35:11.918" totalFiles="254" totalCleanup="94" /><!-- duration: 8ms -->
  </step><!-- duration: 53ms -->
  <step title="DeploymentService.GetResult" date="2025-12-04T00:35:11.946" >
    <step title="DeploymentService.GetLatestDeployment" date="2025-12-04T00:35:11.948" >
      <step title="DeploymentManager.GetResults" date="2025-12-04T00:35:11.956" /><!-- duration: 632ms -->
    </step><!-- duration: 659ms -->
  </step><!-- duration: 662ms -->
  <step title="Outgoing response" date="2025-12-04T00:35:12.619" type="response" statusCode="202" statusText="Accepted" /><!-- duration: 8ms -->
</step><!-- duration: 760ms -->
