<step title="Incoming Request" date="2025-12-04T00:34:31.593" instance="e0f283" url="/api/deployments/latest?deployer=ms-azuretools-vscode&amp;time=2025-12-04_00-34-14Z" method="GET" type="request" pid="830,1,20" Host="apiazuremsc-anhefqf5gzepdcav.scm.mexicocentral-01.azurewebsites.net" User-Agent="vscode-azureappservice/0.26.4 core-rest-pipeline/1.20.0 Node/22.20.0 OS/(x64-Windows_NT-10.0.26200)" Accept-Encoding="gzip,deflate" Accept-Language="es" Authorization="Bea..." x-ms-correlation-request-id="0f802698-cef5-4817-9589-8b52884d734b" x-ms-client-request-id="667dcb88-63e6-49a4-9707-0dc1e79bcfd1" X-ARR-LOG-ID="667dcb88-63e6-49a4-9707-0dc1e79bcfd1" CLIENT-IP="189.135.149.37:62889" X-SITE-DEPLOYMENT-ID="ApiAzureMSC" WAS-DEFAULT-HOSTNAME="apiazuremsc-anhefqf5gzepdcav.scm.mexicocentral-01.azurewebsites.net" X-Forwarded-Proto="https" X-AppService-Proto="https" X-Forwarded-TlsVersion="1.3" X-WAWS-Unencoded-URL="/api/deployments/latest?deployer=ms-azuretools-vscode&amp;time=2025-12-04_00-34-14Z" X-Client-IP="189.135.149.37" X-Client-Port="62889" >
  <step title="Cleanup Xml Logs" date="2025-12-04T00:34:31.623" >
    <step title="Cleanup Infos" date="2025-12-04T00:34:31.702" totalFiles="222" totalCleanup="62" /><!-- duration: 32ms -->
  </step><!-- duration: 119ms -->
  <step title="DeploymentService.GetResult" date="2025-12-04T00:34:31.753" >
    <step title="DeploymentService.GetLatestDeployment" date="2025-12-04T00:34:31.761" >
      <step title="DeploymentManager.GetResults" date="2025-12-04T00:34:31.763" /><!-- duration: 670ms -->
    </step><!-- duration: 701ms -->
  </step><!-- duration: 719ms -->
  <step title="Outgoing response" date="2025-12-04T00:34:32.502" type="response" statusCode="202" statusText="Accepted" /><!-- duration: 12ms -->
</step><!-- duration: 930ms -->
