<step title="Incoming Request" date="2025-12-04T00:40:14.383" instance="1b7224" url="/api/deployments/latest?deployer=ms-azuretools-vscode&amp;time=2025-12-04_00-40-03Z" method="GET" type="request" pid="831,1,5" Host="apiazuremsc-anhefqf5gzepdcav.scm.mexicocentral-01.azurewebsites.net" User-Agent="vscode-azureappservice/0.26.4 core-rest-pipeline/1.20.0 Node/22.20.0 OS/(x64-Windows_NT-10.0.26200)" Accept-Encoding="gzip,deflate" Accept-Language="es" Authorization="Bea..." x-ms-correlation-request-id="51f29c91-3242-4aca-b204-8bfb1009dac8" x-ms-client-request-id="e67df2d9-f25a-48d3-a128-09c544f9ad19" X-ARR-LOG-ID="e67df2d9-f25a-48d3-a128-09c544f9ad19" CLIENT-IP="189.135.149.37:63465" X-SITE-DEPLOYMENT-ID="ApiAzureMSC" WAS-DEFAULT-HOSTNAME="apiazuremsc-anhefqf5gzepdcav.scm.mexicocentral-01.azurewebsites.net" X-Forwarded-Proto="https" X-AppService-Proto="https" X-Forwarded-TlsVersion="1.3" X-WAWS-Unencoded-URL="/api/deployments/latest?deployer=ms-azuretools-vscode&amp;time=2025-12-04_00-40-03Z" X-Client-IP="189.135.149.37" X-Client-Port="63465" >
  <step title="Cleanup Xml Logs" date="2025-12-04T00:40:14.386" >
    <step title="Cleanup Infos" date="2025-12-04T00:40:14.395" totalFiles="275" totalCleanup="115" /><!-- duration: 3ms -->
  </step><!-- duration: 14ms -->
  <step title="DeploymentService.GetResult" date="2025-12-04T00:40:14.407" >
    <step title="DeploymentService.GetLatestDeployment" date="2025-12-04T00:40:14.410" >
      <step title="DeploymentManager.GetResults" date="2025-12-04T00:40:14.413" /><!-- duration: 384ms -->
    </step><!-- duration: 389ms -->
  </step><!-- duration: 394ms -->
  <step title="Outgoing response" date="2025-12-04T00:40:14.803" type="response" statusCode="202" statusText="Accepted" /><!-- duration: 2ms -->
</step><!-- duration: 423ms -->
