<step title="BackgroundTrace" date="2025-12-04T00:34:13.763" instance="e0f283" url="/api/zipdeploy" method="POST" >
  <step title="Cleanup Xml Logs" date="2025-12-04T00:34:13.765" >
    <step title="Cleanup Infos" date="2025-12-04T00:34:13.782" totalFiles="209" totalCleanup="49" /><!-- duration: 38ms -->
  </step><!-- duration: 65ms -->
  <step title="Creating temporary deployment - FetchDeploymentManager" date="2025-12-04T00:34:14.394" /><!-- duration: 1ms -->
  <step title="Creating temporary deployment" date="2025-12-04T00:34:14.402" /><!-- duration: 114ms -->
  <step title="Performing fetch based deployment" date="2025-12-04T00:34:15.004" >
    <step title="Cleaning up temp folders from previous zip deployments and extracting pushed zip file /tmp/zipdeploy/844c5b69-b071-41bd-b5f7-c194df1c6884.zip (205.36 MB) to /tmp/zipdeploy/extracted" date="2025-12-04T00:34:17.187" >
      <step title="ChmodRecursive Process exited with total time taken in ms: 55" date="2025-12-04T00:35:00.578" /><!-- duration: 10ms -->
    </step><!-- duration: 43692ms -->
    <step title="Deployment timer started" date="2025-12-04T00:35:02.919" >
      <step title="DeploymentManager.Deploy(id:9a71e6e8-edc3-48e5-87bc-a31cdfe56e72)" date="2025-12-04T00:35:02.978" >
        <step title="Collecting changeset information" date="2025-12-04T00:35:03.048" /><!-- duration: 220ms -->
        <step title="Updating submodules" date="2025-12-04T00:35:03.278" /><!-- duration: 1104ms -->
        <step title="Determining deployment builder" date="2025-12-04T00:35:04.583" >
          <step title="Builder is BasicBuilder" date="2025-12-04T00:35:04.613" /><!-- duration: 1ms -->
        </step><!-- duration: 33ms -->
        <step title="PreDeployment: context.CleanOutputPath False" date="2025-12-04T00:35:04.687" >
          <step title="PreDeployment: context.OutputPath /home/site/wwwroot" date="2025-12-04T00:35:04.814" >
            <step title="Building" date="2025-12-04T00:35:04.948" >
              <step title="Executing external process" date="2025-12-04T00:35:05.389" type="process" path="starter.sh" arguments="/opt/Kudu/Scripts/absoluteTar.sh /tmp/zipdeploy/extracted/node_modules /tmp/zipdeploy/extracted/node_modules.tar.gz" >
                <step title="Cpu: gzip(901,32.440s)+sh(900,0.000s)+tar(899,1.560s)+absoluteTar.sh(898,0.010s)=total(34.000s)" date="2025-12-04T00:36:06.284" /><!-- duration: 19ms -->
                <step title="starter.sh: no io activity for 60s, prev-cpu=-1.000s, current-cpu=34.000s" date="2025-12-04T00:36:06.324" /><!-- duration: 30ms -->
                <step title="Cpu: gzip(901,66.150s)+sh(900,0.000s)+tar(899,2.460s)+absoluteTar.sh(898,0.010s)=total(68.620s)" date="2025-12-04T00:37:06.675" /><!-- duration: 19ms -->
                <step title="starter.sh: no io activity for 121s, prev-cpu=34.000s, current-cpu=68.620s" date="2025-12-04T00:37:06.704" /><!-- duration: 89ms -->
                <step title="Cpu: gzip(901,77.440s)+sh(900,0.000s)+tar(899,2.790s)+absoluteTar.sh(898,0.010s)=total(80.240s)" date="2025-12-04T00:38:07.253" /><!-- duration: 41ms -->
                <step title="starter.sh: no io activity for 182s, prev-cpu=68.620s, current-cpu=80.240s" date="2025-12-04T00:38:07.512" /><!-- duration: 91ms -->
                <step title="Cpu: gzip(901,96.180s)+sh(900,0.000s)+tar(899,3.320s)+absoluteTar.sh(898,0.010s)=total(99.500s)" date="2025-12-04T00:39:07.797" /><!-- duration: 69ms -->
                <step title="starter.sh: no io activity for 242s, prev-cpu=80.240s, current-cpu=99.500s" date="2025-12-04T00:39:07.895" /><!-- duration: 11ms -->
