<step title="Incoming Request" date="2025-12-04T00:34:35.624" instance="e0f283" url="/api/deployments/latest?deployer=ms-azuretools-vscode&amp;time=2025-12-04_00-34-14Z" method="GET" type="request" pid="830,1,20" Host="apiazuremsc-anhefqf5gzepdcav.scm.mexicocentral-01.azurewebsites.net" User-Agent="vscode-azureappservice/0.26.4 core-rest-pipeline/1.20.0 Node/22.20.0 OS/(x64-Windows_NT-10.0.26200)" Accept-Encoding="gzip,deflate" Accept-Language="es" Authorization="Bea..." x-ms-correlation-request-id="0f802698-cef5-4817-9589-8b52884d734b" x-ms-client-request-id="48fe6f90-833a-40bb-86f6-d150d14a0c69" X-ARR-LOG-ID="48fe6f90-833a-40bb-86f6-d150d14a0c69" CLIENT-IP="189.135.149.37:60619" X-SITE-DEPLOYMENT-ID="ApiAzureMSC" WAS-DEFAULT-HOSTNAME="apiazuremsc-anhefqf5gzepdcav.scm.mexicocentral-01.azurewebsites.net" X-Forwarded-Proto="https" X-AppService-Proto="https" X-Forwarded-TlsVersion="1.3" X-WAWS-Unencoded-URL="/api/deployments/latest?deployer=ms-azuretools-vscode&amp;time=2025-12-04_00-34-14Z" X-Client-IP="189.135.149.37" X-Client-Port="60619" >
  <step title="Cleanup Xml Logs" date="2025-12-04T00:34:35.654" >
    <step title="Cleanup Infos" date="2025-12-04T00:34:35.686" totalFiles="225" totalCleanup="65" /><!-- duration: 18ms -->
  </step><!-- duration: 70ms -->
  <step title="DeploymentService.GetResult" date="2025-12-04T00:34:35.836" >
    <step title="DeploymentService.GetLatestDeployment" date="2025-12-04T00:34:35.894" >
      <step title="DeploymentManager.GetResults" date="2025-12-04T00:34:35.903" /><!-- duration: 603ms -->
    </step><!-- duration: 639ms -->
  </step><!-- duration: 701ms -->
  <step title="Outgoing response" date="2025-12-04T00:34:36.575" type="response" statusCode="202" statusText="Accepted" /><!-- duration: 9ms -->
</step><!-- duration: 970ms -->
