<step title="Incoming Request" date="2025-12-04T00:34:58.111" instance="e0f283" url="/api/deployments/latest?deployer=ms-azuretools-vscode&amp;time=2025-12-04_00-34-14Z" method="GET" type="request" pid="830,1,21" Host="apiazuremsc-anhefqf5gzepdcav.scm.mexicocentral-01.azurewebsites.net" User-Agent="vscode-azureappservice/0.26.4 core-rest-pipeline/1.20.0 Node/22.20.0 OS/(x64-Windows_NT-10.0.26200)" Accept-Encoding="gzip,deflate" Accept-Language="es" Authorization="Bea..." x-ms-correlation-request-id="0f802698-cef5-4817-9589-8b52884d734b" x-ms-client-request-id="f3c13ec7-ba7d-47dd-9a6f-b90bebd4c7d4" X-ARR-LOG-ID="f3c13ec7-ba7d-47dd-9a6f-b90bebd4c7d4" CLIENT-IP="189.135.149.37:64558" X-SITE-DEPLOYMENT-ID="ApiAzureMSC" WAS-DEFAULT-HOSTNAME="apiazuremsc-anhefqf5gzepdcav.scm.mexicocentral-01.azurewebsites.net" X-Forwarded-Proto="https" X-AppService-Proto="https" X-Forwarded-TlsVersion="1.3" X-WAWS-Unencoded-URL="/api/deployments/latest?deployer=ms-azuretools-vscode&amp;time=2025-12-04_00-34-14Z" X-Client-IP="189.135.149.37" X-Client-Port="64558" >
  <step title="Cleanup Xml Logs" date="2025-12-04T00:34:58.113" >
    <step title="Cleanup Infos" date="2025-12-04T00:34:58.131" totalFiles="243" totalCleanup="83" /><!-- duration: 12ms -->
  </step><!-- duration: 39ms -->
  <step title="DeploymentService.GetResult" date="2025-12-04T00:34:58.173" >
    <step title="DeploymentService.GetLatestDeployment" date="2025-12-04T00:34:58.183" >
      <step title="DeploymentManager.GetResults" date="2025-12-04T00:34:58.192" /><!-- duration: 580ms -->
    </step><!-- duration: 598ms -->
  </step><!-- duration: 609ms -->
  <step title="Outgoing response" date="2025-12-04T00:34:58.801" type="response" statusCode="202" statusText="Accepted" /><!-- duration: 2ms -->
</step><!-- duration: 699ms -->
