﻿<?xml version="1.0" encoding="utf-8"?>
<deployment>
  <id>b204ae28-f876-4f7f-bedf-06fd0c482654</id>
  <author>N/A</author>
  <deployer>GITHUB_ZIP_DEPLOY</deployer>
  <authorEmail>N/A</authorEmail>
  <message>{"type":"deployment","sha":"bafb6c113893167f25d468f1e189559d49eef770","repoName":"JMartin1407/Api_Azure","actor":"JMartin1407","slotName":"production","commitMessage":"Agregar ruta principal (/) para Azure App Service"}</message>
  <progress></progress>
  <status>Success</status>
  <statusText></statusText>
  <lastSuccessEndTime>2025-12-03T23:44:33.3274673Z</lastSuccessEndTime>
  <receivedTime>2025-12-03T23:41:43.3424961Z</receivedTime>
  <startTime>2025-12-03T23:41:44.721931Z</startTime>
  <endTime>2025-12-03T23:44:33.3274673Z</endTime>
  <complete>True</complete>
  <is_temp>False</is_temp>
  <is_readonly>True</is_readonly>
  <buildSummary />
</deployment>