﻿<?xml version="1.0" encoding="utf-8"?>
<deployment>
  <id>910db7cd-b6e9-4cd1-8cca-4e3e1d5fde33</id>
  <author>ms-azuretools-vscode</author>
  <deployer>ms-azuretools-vscode</deployer>
  <authorEmail>N/A</authorEmail>
  <message>Created via a push deployment</message>
  <progress></progress>
  <status>Success</status>
  <statusText></statusText>
  <lastSuccessEndTime>2025-12-04T00:20:37.3187905Z</lastSuccessEndTime>
  <receivedTime>2025-12-04T00:18:08.3388171Z</receivedTime>
  <startTime>2025-12-04T00:18:09.6455012Z</startTime>
  <endTime>2025-12-04T00:20:37.3187905Z</endTime>
  <complete>True</complete>
  <is_temp>False</is_temp>
  <is_readonly>True</is_readonly>
  <buildSummary />
</deployment>