﻿<?xml version="1.0" encoding="utf-8"?>
<deployment>
  <id>e50c04c9-4966-4485-bd91-d23bf995805c</id>
  <author>ms-azuretools-vscode</author>
  <deployer>ms-azuretools-vscode</deployer>
  <authorEmail>N/A</authorEmail>
  <message>Created via a push deployment</message>
  <progress></progress>
  <status>Success</status>
  <statusText></statusText>
  <lastSuccessEndTime>2025-12-03T23:52:20.3383989Z</lastSuccessEndTime>
  <receivedTime>2025-12-03T23:49:18.6890938Z</receivedTime>
  <startTime>2025-12-03T23:49:20.0387731Z</startTime>
  <endTime>2025-12-03T23:52:20.3383989Z</endTime>
  <complete>True</complete>
  <is_temp>False</is_temp>
  <is_readonly>True</is_readonly>
  <buildSummary />
</deployment>