﻿<?xml version="1.0" encoding="utf-8"?>
<deployment>
  <id>09944285-29dd-41ed-9077-a4c131acd11a</id>
  <author>ms-azuretools-vscode</author>
  <deployer>ms-azuretools-vscode</deployer>
  <authorEmail>N/A</authorEmail>
  <message>Created via a push deployment</message>
  <progress></progress>
  <status>Failed</status>
  <statusText>Deployment has been stopped due to SCM container restart. The restart can happen due to a management operation on site. Do not perform a management operation and a deployment operation in quick succession. Adding a small delay can help avoid any conflicts.</statusText>
  <lastSuccessEndTime />
  <receivedTime>2025-12-04T00:40:47.3398716Z</receivedTime>
  <startTime>2025-12-04T00:40:49.0504329Z</startTime>
  <endTime>2025-12-04T00:43:39.2930363Z</endTime>
  <complete>True</complete>
  <is_temp>False</is_temp>
  <is_readonly>True</is_readonly>
  <buildSummary />
</deployment>