﻿<?xml version="1.0" encoding="utf-8"?>
<deployment>
  <id>9a71e6e8-edc3-48e5-87bc-a31cdfe56e72</id>
  <author>ms-azuretools-vscode</author>
  <deployer>ms-azuretools-vscode</deployer>
  <authorEmail>N/A</authorEmail>
  <message>Created via a push deployment</message>
  <progress></progress>
  <status>Failed</status>
  <statusText>Deployment has been stopped due to SCM container restart. The restart can happen due to a management operation on site. Do not perform a management operation and a deployment operation in quick succession. Adding a small delay can help avoid any conflicts.</statusText>
  <lastSuccessEndTime />
  <receivedTime>2025-12-04T00:35:03.148795Z</receivedTime>
  <startTime>2025-12-04T00:35:04.5212714Z</startTime>
  <endTime>2025-12-04T00:43:40.1391629Z</endTime>
  <complete>True</complete>
  <is_temp>False</is_temp>
  <is_readonly>True</is_readonly>
  <buildSummary />
</deployment>