﻿<?xml version="1.0" encoding="utf-8"?>
<deployment>
  <id>8627be56-2257-43d8-a622-54cf93890fba</id>
  <author>N/A</author>
  <deployer>GITHUB_ZIP_DEPLOY</deployer>
  <authorEmail>N/A</authorEmail>
  <message>{"type":"deployment","sha":"b97b42b946bb17e236b448fcab34b9010509204d","repoName":"JMartin1407/Api_Azure","actor":"JMartin1407","slotName":"production","commitMessage":"Actualizar nombre del App Service a ApiAzureMSC"}</message>
  <progress></progress>
  <status>Success</status>
  <statusText></statusText>
  <lastSuccessEndTime>2025-12-03T21:15:37.2277097Z</lastSuccessEndTime>
  <receivedTime>2025-12-03T21:13:20.3464143Z</receivedTime>
  <startTime>2025-12-03T21:13:21.6905005Z</startTime>
  <endTime>2025-12-03T21:15:37.2277097Z</endTime>
  <complete>True</complete>
  <is_temp>False</is_temp>
  <is_readonly>True</is_readonly>
  <buildSummary />
</deployment>