﻿<?xml version="1.0" encoding="utf-8"?>
<deployment>
  <id>5304fb78-8011-4c2f-be2d-ab716d7dc4a3</id>
  <author>ms-azuretools-vscode</author>
  <deployer>ms-azuretools-vscode</deployer>
  <authorEmail>N/A</authorEmail>
  <message>Created via a push deployment</message>
  <progress></progress>
  <status>Success</status>
  <statusText></statusText>
  <lastSuccessEndTime>2025-12-04T00:11:23.3719892Z</lastSuccessEndTime>
  <receivedTime>2025-12-04T00:07:56.2630051Z</receivedTime>
  <startTime>2025-12-04T00:07:57.654438Z</startTime>
  <endTime>2025-12-04T00:11:23.3719892Z</endTime>
  <complete>True</complete>
  <is_temp>False</is_temp>
  <is_readonly>True</is_readonly>
  <buildSummary />
</deployment>